Timestamp,Open,High,Average,Low,Close,Volume
0,29742.5,29744.0,29738.875,29733.75,29736.75,0
60000,29737.25,29738.0,29735.375,29732.75,29732.75,579
120000,29733.0,29735.0,29732.5,29730.0,29734.0,405
180000,29734.5,29736.75,29734.375,29732.0,29732.75,257
240000,29732.75,29735.75,29734.0,29732.25,29733.75,148
300000,29734.25,29744.75,29739.125,29733.5,29742.75,597
360000,29742.5,29746.5,29744.25,29742.0,29742.25,385
420000,29742.75,29745.5,29743.125,29740.75,29743.75,401
480000,29743.75,29749.25,29746.25,29743.25,29746.0,604
540000,29745.75,29749.0,29746.375,29743.75,29747.5,550
600000,29747.25,29747.25,29744.0,29740.75,29743.25,465
660000,29743.25,29746.25,29743.25,29740.25,29746.0,262
720000,29746.25,29747.5,29745.0,29742.5,29743.25,233
780000,29743.0,29745.5,29743.25,29741.0,29743.75,351
840000,29743.5,29745.25,29742.625,29740.0,29740.25,345
900000,29740.25,29740.75,29737.0,29733.25,29738.0,1112
960000,29738.25,29740.75,29737.75,29734.75,29734.75,361
1020000,29735.5,29743.0,29739.25,29735.5,29742.5,474
1080000,29743.25,29745.5,29743.5,29741.5,29743.25,449
1140000,29742.25,29744.0,29741.0,29738.0,29742.75,294
1200000,29742.75,29744.0,29742.0,29740.0,29741.75,174
1260000,29742.25,29748.0,29745.125,29742.25,29743.75,435
1320000,29743.5,29744.0,29742.375,29740.75,29742.5,153
1380000,29742.5,29750.0,29746.125,29742.25,29745.25,783
1440000,29745.5,29749.5,29746.625,29743.75,29749.0,397
1500000,29748.75,29751.25,29748.75,29746.25,29749.75,573
1560000,29749.75,29753.25,29750.375,29747.5,29747.5,569
1620000,29748.0,29749.25,29746.875,29744.5,29748.5,394
1680000,29748.25,29748.25,29746.0,29743.75,29744.0,242
1740000,29743.75,29747.5,29743.875,29740.25,29746.25,412
1800000,29746.25,29748.5,29746.0,29743.5,29744.75,390
1860000,29744.75,29750.75,29747.25,29743.75,29747.0,391
1920000,29747.5,29748.0,29745.0,29742.0,29745.75,236
1980000,29745.0,29745.0,29740.875,29736.75,29738.25,649
2040000,29738.5,29742.25,29739.25,29736.25,29738.0,530
2100000,29738.0,29738.75,29735.25,29731.75,29732.5,682
2160000,29732.75,29742.5,29735.125,29727.75,29740.0,1241
2220000,29740.5,29746.0,29742.0,29738.0,29744.5,685
2280000,29744.5,29752.75,29747.875,29743.0,29750.75,952
2340000,29751.0,29758.75,29753.0,29747.25,29758.0,1494
2400000,29757.75,29760.0,29758.25,29756.5,29758.5,663
2460000,29759.0,29763.75,29759.25,29754.75,29754.75,865
2520000,29754.25,29755.5,29753.0,29750.5,29754.25,532
2580000,29754.25,29756.75,29755.125,29753.5,29755.0,241
2640000,29754.75,29759.25,29756.25,29753.25,29758.5,411
2700000,29758.5,29761.5,29759.5,29757.5,29760.75,384
2760000,29760.25,29764.75,29759.375,29754.0,29755.0,793
2820000,29755.25,29756.5,29754.5,29752.5,29753.0,524
2880000,29752.25,29755.0,29750.25,29745.5,29750.0,1168
2940000,29750.0,29753.0,29750.875,29748.75,29750.75,366
3000000,29751.0,29754.0,29751.75,29749.5,29750.25,253
3060000,29750.25,29753.25,29749.875,29746.5,29746.5,300
3120000,29746.25,29751.25,29747.375,29743.5,29748.75,589
3180000,29749.0,29750.25,29745.625,29741.0,29743.75,445
3240000,29743.5,29745.25,29743.875,29742.5,29744.5,147
3300000,29745.25,29745.25,29738.0,29730.75,29735.75,1054
3360000,29735.5,29742.75,29738.875,29735.0,29740.0,573
3420000,29740.0,29749.75,29744.875,29740.0,29748.0,585
3480000,29748.0,29748.0,29745.625,29743.25,29745.75,361
3540000,29745.25,29746.0,29741.0,29736.0,29736.75,387
3600000,29737.5,29739.5,29735.25,29731.0,29737.0,909
3660000,29737.25,29739.0,29735.0,29731.0,29733.0,513
3720000,29732.5,29735.0,29732.375,29729.75,29732.75,523
3780000,29732.75,29735.0,29732.75,29730.5,29733.25,271
3840000,29733.5,29736.25,29730.125,29724.0,29726.75,826
3900000,29726.0,29730.0,29727.75,29725.5,29727.25,677
3960000,29727.0,29727.0,29723.75,29720.5,29726.5,882
4020000,29725.5,29725.5,29721.375,29717.25,29720.0,722
4080000,29719.75,29721.75,29714.625,29707.5,29708.25,1498
4140000,29708.5,29710.75,29703.625,29696.5,29700.0,2135
4200000,29700.0,29700.5,29693.25,29686.0,29687.75,1793
4260000,29687.75,29693.75,29686.875,29680.0,29686.25,1813
4320000,29686.0,29690.0,29686.25,29682.5,29682.75,1003
4380000,29682.25,29693.5,29687.625,29681.75,29690.0,889
4440000,29689.5,29697.75,29690.125,29682.5,29684.5,1245
4500000,29685.5,29688.25,29682.0,29675.75,29680.75,1556
4560000,29681.0,29701.0,29690.875,29680.75,29698.25,1433
4620000,29698.0,29704.25,29696.625,29689.0,29700.0,1335
4680000,29699.75,29713.25,29706.125,29699.0,29710.75,1028
4740000,29710.75,29716.0,29713.125,29710.25,29716.0,1041
4800000,29716.0,29725.0,29720.0,29715.0,29724.25,1198
4860000,29724.25,29732.5,29727.375,29722.25,29731.75,1400
4920000,29731.25,29733.25,29730.0,29726.75,29726.75,578
4980000,29727.25,29728.25,29720.125,29712.0,29712.5,1193
5040000,29712.0,29721.5,29715.125,29708.75,29712.5,1108
5100000,29712.25,29718.75,29710.375,29702.0,29702.5,1574
5160000,29702.5,29704.25,29698.125,29692.0,29697.5,1430
5220000,29696.5,29698.0,29694.25,29690.5,29692.0,809
5280000,29692.75,29692.75,29687.375,29682.0,29682.75,861
5340000,29683.5,29686.25,29682.25,29678.25,29678.5,863
5400000,29678.75,29680.0,29674.375,29668.75,29671.25,2245
5460000,29671.25,29674.0,29670.25,29666.5,29667.5,1192
5520000,29667.0,29670.0,29663.875,29657.75,29659.0,2074
5580000,29659.75,29660.0,29653.875,29647.75,29651.5,2071
5640000,29651.25,29653.0,29649.125,29645.25,29648.0,1217
5700000,29648.0,29657.25,29651.125,29645.0,29652.25,1387
5760000,29652.0,29658.75,29654.125,29649.5,29658.25,634
5820000,29658.25,29664.25,29658.625,29653.0,29655.25,1205
5880000,29655.0,29670.25,29660.5,29650.75,29669.75,1090
5940000,29669.75,29685.5,29677.375,29669.25,29684.5,1657
6000000,29684.5,29685.5,29670.75,29656.0,29662.25,2221
6060000,29662.75,29665.5,29660.0,29654.5,29659.25,810
6120000,29658.75,29658.75,29652.875,29647.0,29651.25,1219
6180000,29651.25,29653.25,29646.75,29640.25,29641.75,1540
6240000,29641.75,29642.5,29637.0,29631.5,29636.75,1698
6300000,29636.5,29644.75,29639.875,29635.0,29640.0,1001
6360000,29640.0,29644.75,29640.125,29635.5,29636.0,674
6420000,29636.0,29640.0,29636.125,29632.25,29639.25,856
6480000,29640.0,29647.25,29641.75,29636.25,29637.0,958
6540000,29636.25,29645.25,29640.75,29636.25,29643.25,764
6600000,29642.5,29644.0,29637.0,29630.0,29631.0,937
6660000,29631.0,29632.0,29627.125,29622.25,29623.0,1827
6720000,29623.0,29626.75,29620.5,29614.25,29615.0,1402
6780000,29615.5,29625.0,29620.0,29615.0,29621.5,915
6840000,29622.0,29625.5,29619.875,29614.25,29614.25,872
6900000,29615.0,29624.25,29618.375,29612.5,29618.0,1082
6960000,29617.5,29621.25,29618.625,29616.0,29618.0,698
7020000,29618.0,29623.0,29620.375,29617.75,29622.0,582
7080000,29622.0,29622.5,29618.75,29615.0,29619.5,545
7140000,29619.25,29620.5,29615.25,29610.0,29611.5,867
7200000,29612.0,29622.5,29613.75,29605.0,29613.5,2357
7260000,29612.75,29619.75,29611.375,29603.0,29605.75,1809
7320000,29605.25,29610.75,29603.125,29595.5,29607.0,1990
7380000,29607.25,29613.0,29608.0,29603.0,29607.0,1031
7440000,29607.25,29613.0,29608.875,29604.75,29611.5,905
7500000,29611.5,29611.5,29599.75,29588.0,29597.0,2348
7560000,29596.5,29603.75,29595.875,29588.0,29600.0,1296
7620000,29601.25,29606.25,29600.125,29594.0,29605.0,1060
7680000,29605.0,29610.75,29607.125,29603.5,29609.75,778
7740000,29608.75,29610.0,29604.75,29599.5,29604.25,849
7800000,29604.75,29605.75,29599.125,29592.5,29598.5,1049
7860000,29598.0,29598.25,29590.625,29583.0,29585.75,1361
7920000,29586.0,29591.5,29586.25,29581.0,29589.75,1155
7980000,29590.25,29598.25,29593.25,29588.25,29592.25,1184
8040000,29592.0,29594.5,29591.0,29587.5,29589.75,667
8100000,29588.5,29591.5,29585.75,29580.0,29581.0,1022
8160000,29581.0,29588.5,29579.875,29571.25,29583.5,2456
8220000,29583.25,29587.0,29581.125,29575.25,29575.25,823
8280000,29575.5,29578.5,29571.875,29565.25,29572.5,1735
8340000,29572.25,29573.0,29561.0,29549.0,29549.25,2125
8400000,29549.75,29568.25,29557.25,29546.25,29567.25,2783
8460000,29567.0,29571.5,29567.5,29563.5,29570.0,854
8520000,29569.25,29584.75,29575.875,29567.0,29582.75,1713
8580000,29582.25,29583.0,29574.375,29565.75,29572.25,1421
8640000,29571.75,29577.5,29573.125,29568.75,29574.25,793
8700000,29573.25,29578.5,29572.875,29567.25,29577.5,870
8760000,29578.0,29579.5,29575.625,29571.75,29574.75,681
8820000,29575.5,29580.0,29577.125,29574.25,29576.75,666
8880000,29576.5,29580.75,29576.375,29572.0,29575.25,820
8940000,29575.0,29587.0,29580.875,29574.75,29576.75,1118
9000000,29576.25,29580.5,29575.75,29571.0,29576.0,1191
9060000,29576.0,29576.0,29571.625,29567.25,29574.25,949
9120000,29574.75,29588.25,29580.875,29573.5,29584.0,999
9180000,29584.0,29588.5,29580.75,29573.0,29575.75,910
9240000,29575.75,29582.75,29575.375,29568.0,29574.75,876
9300000,29575.25,29575.5,29568.625,29561.75,29564.75,936
9360000,29564.75,29569.5,29564.125,29558.75,29564.25,918
9420000,29564.0,29578.0,29567.75,29557.5,29576.25,1170
9480000,29576.5,29594.0,29585.0,29576.0,29576.75,1847
9540000,29576.75,29601.5,29588.875,29576.25,29600.5,1435
9600000,29600.0,29612.25,29605.125,29598.0,29609.75,1613
9660000,29609.25,29613.0,29608.75,29604.5,29607.75,1055
9720000,29607.25,29612.25,29609.0,29605.75,29609.75,512
9780000,29609.75,29612.0,29605.75,29599.5,29606.25,941
9840000,29606.75,29610.75,29607.375,29604.0,29607.75,624
9900000,29607.75,29615.25,29610.5,29605.75,29607.25,740
9960000,29607.75,29620.75,29614.125,29607.5,29614.75,1029
10020000,29615.25,29619.0,29615.25,29611.5,29614.25,668
10080000,29614.0,29615.5,29613.0,29610.5,29612.75,559
10140000,29613.0,29615.25,29611.25,29607.25,29608.75,526
10200000,29608.75,29613.5,29609.125,29604.75,29610.0,869
10260000,29609.75,29609.75,29602.625,29595.5,29597.0,897
10320000,29597.25,29600.5,29595.25,29590.0,29592.5,940
10380000,29592.25,29594.75,29587.875,29581.0,29585.25,1120
10440000,29585.75,29588.5,29584.375,29580.25,29586.75,575
10500000,29586.5,29596.25,29591.125,29586.0,29594.5,804
10560000,29594.5,29596.5,29592.375,29588.25,29593.75,388
10620000,29593.75,29600.5,29596.375,29592.25,29598.0,466
10680000,29597.75,29602.5,29599.0,29595.5,29599.25,448
10740000,29599.0,29603.5,29599.25,29595.0,29600.25,476
10800000,29600.25,29603.25,29595.75,29588.25,29598.0,1553
10860000,29598.75,29603.75,29594.875,29586.0,29593.75,1152
10920000,29594.0,29606.0,29599.25,29592.5,29593.25,804
10980000,29593.25,29611.5,29602.0,29592.5,29610.25,1039
11040000,29610.5,29615.0,29609.0,29603.0,29613.5,936
11100000,29612.75,29629.5,29620.875,29612.25,29628.5,1521
11160000,29628.5,29639.25,29632.625,29626.0,29637.0,1337
11220000,29637.0,29638.0,29633.625,29629.25,29631.25,804
11280000,29631.0,29631.25,29619.25,29607.25,29607.75,1445
11340000,29608.5,29616.25,29610.125,29604.0,29605.5,856
11400000,29605.25,29610.5,29604.625,29598.75,29607.5,988
11460000,29607.5,29615.0,29607.875,29600.75,29610.75,779
11520000,29610.25,29611.25,29606.75,29602.25,29606.75,460
11580000,29607.0,29615.5,29609.125,29602.75,29615.5,647
11640000,29613.75,29619.75,29611.5,29603.25,29609.0,886
11700000,29608.0,29612.0,29608.125,29604.25,29606.25,414
11760000,29606.25,29610.5,29605.0,29599.5,29605.25,653
11820000,29606.25,29606.5,29601.125,29595.75,29600.5,828
11880000,29600.5,29606.0,29603.25,29600.5,29605.5,565
11940000,29606.0,29616.5,29608.0,29599.5,29615.0,687
12000000,29615.75,29622.0,29616.375,29610.75,29616.5,1008
12060000,29616.25,29616.75,29611.375,29606.0,29607.0,613
12120000,29609.25,29615.0,29609.5,29604.0,29607.25,324
12180000,29607.0,29617.0,29606.5,29596.0,29615.75,700
12240000,29615.75,29625.75,29620.5,29615.25,29625.75,665
12300000,29626.0,29629.25,29625.5,29621.75,29625.75,474
12360000,29627.5,29627.5,29621.625,29615.75,29616.25,527
12420000,29616.0,29626.0,29620.875,29615.75,29623.25,401
12480000,29623.25,29626.5,29623.25,29620.0,29624.25,315
12540000,29625.0,29625.0,29622.875,29620.75,29623.75,372
12600000,29623.5,29625.0,29617.125,29609.25,29611.0,622
12660000,29611.0,29616.25,29608.875,29601.5,29609.75,830
12720000,29608.0,29612.25,29607.125,29602.0,29602.5,412
12780000,29602.5,29603.75,29597.125,29590.5,29592.0,1194
12840000,29591.5,29592.75,29588.875,29585.0,29589.25,743
12900000,29589.0,29591.75,29587.5,29583.25,29587.5,694
12960000,29587.25,29595.0,29589.5,29584.0,29592.0,714
13020000,29592.25,29592.5,29587.125,29581.75,29583.75,550
13080000,29585.0,29587.75,29578.25,29568.75,29572.0,1218
13140000,29571.75,29573.75,29568.5,29563.25,29563.5,689
13200000,29564.25,29572.25,29566.5,29560.75,29571.25,891
13260000,29571.25,29572.0,29566.125,29560.25,29562.0,599
13320000,29562.5,29563.0,29556.5,29550.0,29550.25,1395
13380000,29550.75,29574.25,29562.25,29550.25,29570.0,1443
13440000,29569.25,29570.25,29565.75,29561.25,29563.25,585
13500000,29563.5,29567.5,29562.75,29558.0,29560.5,361
13560000,29561.0,29562.0,29558.75,29555.5,29557.5,360
13620000,29558.0,29561.25,29559.125,29557.0,29559.25,332
13680000,29558.5,29566.0,29561.375,29556.75,29565.25,559
13740000,29565.0,29566.5,29559.875,29553.25,29562.25,934
13800000,29561.25,29563.0,29557.5,29552.0,29553.25,402
13860000,29553.75,29557.25,29552.125,29547.0,29551.0,813
13920000,29550.5,29551.0,29547.0,29543.0,29545.25,869
13980000,29545.75,29548.25,29544.25,29540.25,29546.25,937
14040000,29545.5,29546.25,29540.375,29534.5,29538.75,1088
14100000,29538.75,29554.0,29546.0,29538.0,29552.75,877
14160000,29552.5,29553.0,29547.5,29542.0,29544.75,727
14220000,29545.25,29545.75,29538.125,29530.5,29535.25,1254
14280000,29534.75,29538.5,29535.25,29532.0,29536.5,525
14340000,29536.75,29536.75,29533.125,29529.5,29535.0,885
14400000,29534.75,29535.75,29524.125,29512.5,29520.75,4192
14460000,29520.75,29542.25,29527.5,29512.75,29516.25,3203
14520000,29515.75,29519.25,29505.25,29491.25,29518.5,3852
14580000,29517.25,29518.25,29507.125,29496.0,29503.5,1973
14640000,29504.25,29508.5,29495.5,29482.5,29486.5,2342
14700000,29487.0,29506.0,29495.125,29484.25,29503.5,2423
14760000,29503.0,29528.5,29514.0,29499.5,29526.25,2276
14820000,29526.25,29534.75,29526.125,29517.5,29528.5,1619
14880000,29529.75,29534.0,29513.0,29492.0,29501.25,2317
14940000,29501.25,29502.0,29492.875,29483.75,29495.5,1614
15000000,29495.25,29500.5,29493.25,29486.0,29488.5,1106
15060000,29487.75,29495.0,29489.5,29484.0,29487.0,775
15120000,29486.75,29499.75,29489.125,29478.5,29488.25,1677
15180000,29487.5,29499.75,29491.25,29482.75,29483.5,1051
15240000,29483.25,29513.0,29498.125,29483.25,29512.75,1276
15300000,29513.0,29530.5,29521.25,29512.0,29521.5,1551
15360000,29522.0,29527.75,29521.875,29516.0,29516.5,1096
15420000,29517.0,29523.5,29517.375,29511.25,29521.75,910
15480000,29521.25,29525.75,29518.875,29512.0,29517.75,885
15540000,29517.25,29527.25,29518.875,29510.5,29513.75,1070
15600000,29513.75,29518.25,29513.25,29508.25,29511.5,733
15660000,29511.75,29512.5,29507.625,29502.75,29510.0,826
15720000,29510.0,29513.0,29504.5,29496.0,29506.5,1114
15780000,29507.25,29510.0,29506.875,29503.75,29507.25,626
15840000,29506.75,29518.5,29512.375,29506.25,29510.5,641
15900000,29511.25,29521.75,29514.5,29507.25,29518.0,937
15960000,29517.75,29525.0,29519.375,29513.75,29525.0,469
16020000,29523.75,29526.75,29520.875,29515.0,29515.5,660
16080000,29514.75,29521.75,29515.875,29510.0,29511.25,518
16140000,29510.75,29512.25,29505.125,29498.0,29499.5,1034
16200000,29499.5,29501.75,29496.125,29490.5,29499.5,1758
16260000,29500.0,29512.75,29505.875,29499.0,29505.0,943
16320000,29505.5,29505.75,29500.375,29495.0,29503.25,523
16380000,29503.25,29517.25,29508.875,29500.5,29515.75,816
16440000,29515.0,29526.0,29512.375,29498.75,29522.75,1308
16500000,29521.75,29522.75,29519.25,29515.75,29517.25,484
16560000,29517.5,29520.25,29514.75,29509.25,29516.5,394
16620000,29517.5,29517.5,29505.5,29493.5,29498.0,795
16680000,29498.25,29505.0,29498.875,29492.75,29504.0,617
16740000,29504.25,29507.0,29503.25,29499.5,29504.25,377
16800000,29504.75,29507.25,29503.375,29499.5,29507.0,331
16860000,29507.0,29508.0,29503.375,29498.75,29506.5,383
16920000,29505.75,29508.0,29503.125,29498.25,29501.5,309
16980000,29501.25,29511.75,29505.75,29499.75,29500.75,611
17040000,29501.5,29503.75,29500.25,29496.75,29502.0,353
17100000,29502.0,29532.25,29510.375,29488.5,29519.5,2696
17160000,29519.75,29531.5,29524.125,29516.75,29523.75,1602
17220000,29522.75,29528.0,29519.5,29511.0,29511.25,580
17280000,29511.25,29513.5,29506.25,29499.0,29500.0,632
17340000,29499.0,29507.75,29501.5,29495.25,29507.25,581
17400000,29507.5,29512.75,29504.625,29496.5,29501.75,774
17460000,29501.25,29503.25,29496.625,29490.0,29492.5,726
17520000,29492.0,29500.25,29495.5,29490.75,29495.75,465
17580000,29496.0,29497.5,29495.0,29492.5,29494.75,364
17640000,29495.75,29506.0,29499.5,29493.0,29502.5,441
17700000,29502.75,29503.75,29498.875,29494.0,29496.25,298
17760000,29494.75,29509.75,29502.25,29494.75,29504.0,440
17820000,29505.0,29505.0,29501.375,29497.75,29497.75,311
17880000,29497.75,29506.5,29500.375,29494.25,29503.25,432
17940000,29502.75,29507.0,29501.0,29495.0,29506.5,396
18000000,29507.25,29507.25,29495.125,29483.0,29487.5,1227
18060000,29487.75,29501.75,29494.25,29486.75,29499.25,633
18120000,29498.75,29508.0,29502.5,29497.0,29507.5,523
18180000,29507.0,29510.75,29506.125,29501.5,29505.25,481
18240000,29505.0,29516.5,29510.25,29504.0,29510.0,573
18300000,29509.75,29517.75,29512.625,29507.5,29517.0,431
18360000,29517.25,29528.75,29523.0,29517.25,29523.5,1113
18420000,29523.0,29526.0,29521.25,29516.5,29524.75,592
18480000,29525.75,29528.75,29525.5,29522.25,29523.5,445
18540000,29524.75,29529.25,29524.875,29520.5,29529.0,486
18600000,29529.25,29532.75,29528.375,29524.0,29532.25,667
18660000,29533.0,29538.5,29534.25,29530.0,29538.5,821
18720000,29537.75,29546.25,29541.25,29536.25,29544.25,1084
18780000,29543.25,29545.75,29542.125,29538.5,29540.0,452
18840000,29541.0,29546.5,29543.5,29540.5,29546.0,360
18900000,29545.75,29546.25,29544.25,29542.25,29544.75,464
18960000,29545.75,29546.5,29544.125,29541.75,29543.0,331
19020000,29542.75,29544.75,29539.625,29534.5,29538.25,499
19080000,29538.25,29540.25,29537.625,29535.0,29536.75,347
19140000,29536.25,29541.0,29535.375,29529.75,29535.0,469
19200000,29534.25,29538.75,29535.875,29533.0,29534.75,312
19260000,29534.0,29538.25,29533.875,29529.5,29534.0,397
19320000,29533.75,29534.75,29531.75,29528.75,29532.0,189
19380000,29532.5,29538.25,29534.875,29531.5,29537.5,299
19440000,29537.75,29545.25,29540.625,29536.0,29544.5,529
19500000,29544.5,29545.5,29542.0,29538.5,29543.0,444
19560000,29542.75,29543.75,29539.375,29535.0,29539.0,343
19620000,29538.0,29548.25,29542.5,29536.75,29545.0,400
19680000,29545.5,29545.5,29541.0,29536.5,29537.25,411
19740000,29537.75,29548.5,29542.125,29535.75,29547.5,386
19800000,29547.5,29555.0,29548.75,29542.5,29553.5,850
19860000,29554.5,29561.75,29557.625,29553.5,29561.0,724
19920000,29560.75,29567.0,29563.75,29560.5,29563.5,664
19980000,29562.75,29565.5,29562.75,29560.0,29563.5,470
20040000,29564.0,29564.0,29562.0,29560.0,29561.75,315
20100000,29562.5,29567.0,29563.25,29559.5,29563.75,355
20160000,29563.25,29568.0,29562.75,29557.5,29562.0,703
20220000,29562.0,29566.25,29563.625,29561.0,29563.5,366
20280000,29563.25,29572.5,29567.25,29562.0,29569.0,664
20340000,29568.25,29575.5,29571.875,29568.25,29574.0,492
20400000,29573.5,29587.0,29576.0,29565.0,29571.25,1372
20460000,29570.0,29583.75,29573.375,29563.0,29574.75,1722
20520000,29575.0,29576.5,29573.0,29569.5,29569.75,599
20580000,29570.25,29571.5,29568.25,29565.0,29565.75,501
20640000,29566.0,29571.0,29567.0,29563.0,29568.0,363
20700000,29568.5,29573.0,29569.75,29566.5,29569.25,288
20760000,29571.0,29582.0,29575.625,29569.25,29577.0,664
20820000,29576.0,29579.0,29575.375,29571.75,29577.5,383
20880000,29577.5,29581.25,29577.375,29573.5,29581.0,361
20940000,29582.0,29586.5,29583.0,29579.5,29584.0,398
21000000,29584.75,29590.0,29586.125,29582.25,29590.0,454
21060000,29589.25,29592.0,29586.875,29581.75,29584.0,560
21120000,29584.25,29590.5,29586.625,29582.75,29583.0,406
21180000,29583.75,29586.0,29583.5,29581.0,29585.5,321
21240000,29586.0,29588.75,29585.25,29581.75,29588.5,234
21300000,29588.25,29591.5,29588.375,29585.25,29590.25,307
21360000,29590.75,29593.5,29591.375,29589.25,29590.75,474
21420000,29591.25,29594.0,29592.125,29590.25,29591.25,201
21480000,29591.5,29595.25,29592.625,29590.0,29594.25,263
21540000,29594.75,29600.5,29596.75,29593.0,29599.75,570
21600000,29600.0,29600.5,29595.875,29591.25,29597.25,622
21660000,29596.5,29599.25,29594.375,29589.5,29591.25,585
21720000,29591.0,29592.0,29589.875,29587.75,29588.5,421
21780000,29589.5,29595.25,29590.375,29585.5,29587.25,431
21840000,29587.75,29589.75,29586.5,29583.25,29588.0,650
21900000,29587.25,29589.75,29586.875,29584.0,29586.0,325
21960000,29586.5,29591.0,29587.5,29584.0,29585.0,289
22020000,29585.0,29587.25,29585.125,29583.0,29585.25,274
22080000,29586.5,29587.25,29585.75,29584.25,29585.25,142
22140000,29585.25,29586.0,29582.5,29579.0,29582.0,525
22200000,29581.5,29587.25,29583.625,29580.0,29583.0,319
22260000,29582.75,29584.5,29580.625,29576.75,29578.5,381
22320000,29578.5,29580.5,29577.375,29574.25,29575.0,581
22380000,29575.75,29576.75,29574.75,29572.75,29575.0,307
22440000,29575.25,29586.5,29580.625,29574.75,29585.25,634
22500000,29584.5,29586.25,29583.875,29581.5,29584.75,252
22560000,29585.75,29587.5,29585.75,29584.0,29587.5,203
22620000,29587.75,29593.0,29589.875,29586.75,29590.0,486
22680000,29590.25,29593.5,29590.375,29587.25,29589.75,307
22740000,29589.0,29598.5,29593.75,29589.0,29597.5,444
22800000,29598.0,29649.0,29622.125,29595.25,29626.0,8713
22860000,29626.0,29626.5,29617.125,29607.75,29617.25,1223
22920000,29616.0,29617.25,29613.25,29609.25,29611.0,916
22980000,29611.5,29616.5,29612.375,29608.25,29610.5,597
23040000,29610.0,29612.75,29608.125,29603.5,29605.75,480
23100000,29606.5,29612.5,29607.75,29603.0,29605.25,486
23160000,29605.5,29610.75,29606.5,29602.25,29603.0,440
23220000,29603.5,29606.0,29603.625,29601.25,29604.75,258
23280000,29605.0,29608.75,29606.75,29604.75,29606.0,213
23340000,29606.75,29608.25,29605.625,29603.0,29607.0,221
23400000,29608.5,29608.5,29603.625,29598.75,29601.25,449
23460000,29601.0,29603.0,29599.75,29596.5,29597.25,412
23520000,29597.75,29599.25,29593.75,29588.25,29595.0,1044
23580000,29594.75,29594.75,29589.625,29584.5,29585.25,530
23640000,29585.0,29590.75,29586.25,29581.75,29588.5,610
23700000,29589.25,29591.25,29588.875,29586.5,29590.0,248
23760000,29590.25,29593.25,29590.875,29588.5,29592.5,259
23820000,29591.5,29592.5,29590.375,29588.25,29588.5,163
23880000,29589.0,29597.75,29593.375,29589.0,29594.25,346
23940000,29593.25,29595.0,29592.875,29590.75,29594.25,178
24000000,29594.5,29595.75,29591.25,29586.75,29589.25,355
24060000,29588.0,29595.25,29591.375,29587.5,29593.0,325
24120000,29593.0,29595.25,29591.25,29587.25,29593.0,218
24180000,29593.75,29597.0,29591.75,29586.5,29587.25,459
24240000,29587.25,29594.25,29590.75,29587.25,29592.75,310
24300000,29592.0,29592.75,29590.625,29588.5,29588.5,253
24360000,29588.75,29590.25,29587.75,29585.25,29585.75,322
24420000,29586.75,29586.75,29578.875,29571.0,29571.75,1195
24480000,29572.5,29577.75,29573.625,29569.5,29576.25,553
24540000,29577.0,29577.0,29571.75,29566.5,29568.5,575
24600000,29569.25,29571.5,29568.625,29565.75,29569.25,622
24660000,29569.5,29572.75,29567.75,29562.75,29564.0,605
24720000,29563.75,29564.5,29558.0,29551.5,29553.5,1115
24780000,29553.75,29557.75,29551.875,29546.0,29553.5,1380
24840000,29554.0,29562.25,29557.375,29552.5,29561.75,690
24900000,29561.0,29574.75,29567.75,29560.75,29566.25,899
24960000,29566.25,29577.0,29571.25,29565.5,29574.5,575
25020000,29574.25,29575.25,29570.625,29566.0,29569.75,440
25080000,29569.5,29572.5,29570.25,29568.0,29572.5,185
25140000,29572.5,29577.0,29571.625,29566.25,29568.5,446
25200000,29568.0,29571.25,29567.125,29563.0,29566.0,1006
25260000,29568.0,29574.25,29567.875,29561.5,29573.0,606
25320000,29572.75,29580.75,29576.0,29571.25,29575.75,597
25380000,29575.0,29575.0,29567.5,29560.0,29563.5,701
25440000,29564.25,29571.0,29566.0,29561.0,29570.75,524
25500000,29570.5,29573.75,29567.75,29561.75,29568.5,428
25560000,29567.5,29567.5,29561.875,29556.25,29558.5,640
25620000,29559.25,29560.0,29553.375,29546.75,29547.25,1036
25680000,29547.5,29549.25,29543.75,29538.25,29541.75,1075
25740000,29542.0,29582.5,29562.0,29541.5,29559.5,3686
25800000,29560.0,29560.5,29552.625,29544.75,29548.0,807
25860000,29549.0,29550.0,29544.5,29539.0,29541.75,771
25920000,29541.0,29542.75,29540.5,29538.25,29540.25,481
25980000,29539.5,29540.25,29537.125,29534.0,29536.0,652
26040000,29536.0,29549.25,29542.625,29536.0,29547.75,700
26100000,29547.25,29562.0,29553.5,29545.0,29558.25,967
26160000,29559.0,29566.75,29562.0,29557.25,29566.75,606
26220000,29567.0,29569.75,29566.125,29562.5,29569.5,745
26280000,29569.5,29573.25,29570.5,29567.75,29570.5,643
26340000,29570.25,29574.75,29572.5,29570.25,29574.5,442
26400000,29574.5,29577.75,29570.75,29563.75,29566.25,963
26460000,29566.0,29567.25,29560.875,29554.5,29558.75,792
26520000,29558.5,29565.25,29561.375,29557.5,29564.25,327
26580000,29564.25,29569.5,29565.625,29561.75,29566.0,383
26640000,29566.0,29572.75,29568.75,29564.75,29566.5,527
26700000,29566.5,29571.5,29568.75,29566.0,29569.75,200
26760000,29569.75,29570.75,29567.5,29564.25,29566.5,244
26820000,29567.25,29568.25,29566.5,29564.75,29567.0,200
26880000,29566.75,29571.25,29567.875,29564.5,29566.75,280
26940000,29566.75,29566.75,29562.5,29558.25,29562.75,553
27000000,29563.75,29564.0,29560.125,29556.25,29560.0,445
27060000,29560.25,29566.75,29563.5,29560.25,29562.25,421
27120000,29562.0,29567.0,29563.875,29560.75,29562.5,336
27180000,29561.25,29566.0,29562.875,29559.75,29563.25,289
27240000,29563.0,29577.0,29569.875,29562.75,29571.0,790
27300000,29571.75,29572.25,29568.25,29564.25,29568.25,627
27360000,29568.25,29571.0,29567.75,29564.5,29568.75,416
27420000,29568.75,29572.75,29570.5,29568.25,29569.25,293
27480000,29568.5,29568.75,29564.125,29559.5,29560.0,452
27540000,29560.0,29563.75,29561.25,29558.75,29559.25,307
27600000,29558.5,29562.25,29558.5,29554.75,29559.0,699
27660000,29558.5,29558.75,29554.375,29550.0,29553.0,558
27720000,29553.5,29554.75,29552.625,29550.5,29553.75,270
27780000,29554.5,29556.75,29555.125,29553.5,29555.25,180
27840000,29555.0,29555.5,29550.875,29546.25,29546.75,496
27900000,29547.0,29553.5,29547.875,29542.25,29544.25,913
27960000,29544.75,29551.25,29546.125,29541.0,29542.0,750
28020000,29541.75,29545.0,29542.0,29539.0,29544.0,431
28080000,29544.5,29548.75,29544.375,29540.0,29547.75,491
28140000,29548.0,29549.25,29546.375,29543.5,29546.5,397
28200000,29546.0,29560.0,29552.875,29545.75,29556.75,851
28260000,29556.25,29559.25,29556.25,29553.25,29555.0,379
28320000,29554.75,29559.25,29554.125,29549.0,29559.25,449
28380000,29558.75,29571.75,29562.375,29553.0,29571.75,1009
28440000,29571.0,29572.25,29569.5,29566.75,29570.75,700
28500000,29570.5,29589.25,29579.875,29570.5,29585.5,1618
28560000,29585.0,29594.5,29588.375,29582.25,29592.0,1072
28620000,29591.0,29594.75,29588.75,29582.75,29588.25,1077
28680000,29588.0,29598.0,29592.0,29586.0,29596.75,670
28740000,29596.75,29601.75,29597.75,29593.75,29601.25,921
28800000,29600.75,29601.0,29588.0,29575.0,29581.25,1834
28860000,29581.25,29582.75,29578.625,29574.5,29577.0,743
28920000,29578.0,29579.5,29576.75,29574.0,29578.5,518
28980000,29578.5,29583.75,29578.625,29573.5,29581.25,747
29040000,29580.5,29583.25,29581.25,29579.25,29581.25,380
29100000,29580.75,29586.0,29581.5,29577.0,29578.75,541
29160000,29579.75,29581.5,29576.125,29570.75,29579.0,937
29220000,29579.25,29580.0,29576.25,29572.5,29574.75,393
29280000,29574.5,29583.25,29577.875,29572.5,29574.75,483
29340000,29575.25,29589.5,29582.0,29574.5,29587.25,791
29400000,29587.25,29587.5,29579.625,29571.75,29574.25,688
29460000,29574.5,29576.25,29570.625,29565.0,29567.0,1065
29520000,29568.75,29569.5,29566.75,29564.0,29566.25,758
29580000,29565.5,29568.25,29561.125,29554.0,29556.5,1290
29640000,29556.0,29561.5,29556.375,29551.25,29555.75,886
29700000,29555.0,29558.0,29553.25,29548.5,29556.5,985
29760000,29556.75,29558.0,29555.5,29553.0,29557.25,423
29820000,29558.25,29563.25,29559.5,29555.75,29557.5,717
29880000,29557.75,29579.75,29568.125,29556.5,29578.0,1245
29940000,29578.5,29580.5,29575.75,29571.0,29578.25,825
30000000,29578.75,29584.25,29577.375,29570.5,29582.5,1156
30060000,29583.0,29585.0,29580.5,29576.0,29579.75,881
30120000,29580.0,29583.0,29579.25,29575.5,29577.5,570
30180000,29577.75,29577.75,29572.625,29567.5,29571.5,855
30240000,29573.0,29586.5,29579.75,29573.0,29578.75,1068
30300000,29579.75,29595.0,29587.375,29579.75,29593.25,1016
30360000,29593.0,29596.0,29591.625,29587.25,29592.5,760
30420000,29591.5,29593.5,29590.625,29587.75,29589.5,394
30480000,29589.25,29589.25,29585.0,29580.75,29584.0,650
30540000,29584.0,29595.75,29589.25,29582.75,29595.5,812
30600000,29595.25,29601.75,29596.25,29590.75,29599.75,1237
30660000,29599.5,29603.75,29599.375,29595.0,29603.75,832
30720000,29603.5,29624.5,29614.0,29603.5,29624.5,2363
30780000,29623.75,29626.5,29619.25,29612.0,29624.0,2129
30840000,29623.25,29623.75,29618.375,29613.0,29620.25,813
30900000,29620.0,29621.75,29618.25,29614.75,29617.25,513
30960000,29617.75,29627.25,29621.75,29616.25,29625.0,978
31020000,29625.5,29626.5,29621.375,29616.25,29619.75,664
31080000,29619.5,29620.0,29614.0,29608.0,29611.25,971
31140000,29610.75,29617.0,29613.375,29609.75,29616.5,672
31200000,29616.0,29621.0,29614.0,29607.0,29609.5,897
31260000,29609.5,29615.75,29610.375,29605.0,29613.5,871
31320000,29613.25,29617.75,29612.625,29607.5,29611.25,724
31380000,29611.0,29613.5,29609.125,29604.75,29611.25,625
31440000,29612.0,29617.0,29613.25,29609.5,29615.5,406
31500000,29615.25,29616.75,29613.375,29610.0,29614.0,535
31560000,29613.75,29618.0,29614.375,29610.75,29615.25,573
31620000,29615.75,29615.75,29612.0,29608.25,29609.0,563
31680000,29610.0,29621.5,29612.625,29603.75,29620.25,1285
31740000,29620.5,29629.5,29624.125,29618.75,29625.75,1368
31800000,29625.75,29629.25,29627.25,29625.25,29628.25,774
31860000,29627.5,29630.0,29625.75,29621.5,29624.0,936
31920000,29624.5,29635.0,29629.0,29623.0,29633.75,1193
31980000,29634.0,29634.0,29629.125,29624.25,29631.75,896
32040000,29631.5,29638.0,29634.125,29630.25,29637.75,1031
32100000,29637.5,29637.75,29633.75,29629.75,29635.5,654
32160000,29636.0,29639.75,29636.125,29632.5,29635.75,732
32220000,29635.75,29643.0,29638.5,29634.0,29642.5,904
32280000,29642.5,29645.75,29641.875,29638.0,29639.5,1241
32340000,29639.75,29654.5,29646.875,29639.25,29653.75,2394
32400000,29653.5,29654.5,29649.375,29644.25,29653.0,1655
32460000,29652.75,29655.0,29650.625,29646.25,29654.5,1168
32520000,29654.5,29654.5,29644.625,29634.75,29638.0,1877
32580000,29638.0,29643.5,29638.875,29634.25,29641.25,1332
32640000,29641.0,29648.5,29643.875,29639.25,29648.0,950
32700000,29647.75,29656.0,29650.0,29644.0,29651.75,1667
32760000,29651.75,29656.25,29652.875,29649.5,29651.5,1131
32820000,29652.25,29653.0,29649.25,29645.5,29649.0,969
32880000,29649.0,29653.5,29650.5,29647.5,29649.5,651
32940000,29649.5,29650.25,29645.5,29640.75,29644.75,1072
33000000,29645.75,29650.0,29646.625,29643.25,29649.0,662
33060000,29649.25,29660.5,29654.5,29648.5,29657.75,1770
33120000,29657.75,29659.75,29657.0,29654.25,29655.0,988
33180000,29655.0,29659.0,29655.625,29652.25,29655.5,637
33240000,29655.0,29659.5,29657.25,29655.0,29658.75,456
33300000,29659.25,29662.0,29658.25,29654.5,29659.0,1187
33360000,29659.25,29664.0,29658.625,29653.25,29656.0,1322
33420000,29655.75,29659.75,29655.75,29651.75,29653.5,923
33480000,29654.25,29663.0,29657.75,29652.5,29662.75,777
33540000,29662.25,29667.5,29663.375,29659.25,29667.0,979
33600000,29666.25,29668.0,29665.25,29662.5,29664.0,1003
33660000,29664.25,29666.5,29663.375,29660.25,29663.25,562
33720000,29663.75,29666.5,29661.875,29657.25,29665.0,900
33780000,29665.25,29668.25,29663.25,29658.25,29660.75,804
33840000,29660.75,29662.75,29657.75,29652.75,29655.0,1131
33900000,29655.0,29662.5,29658.125,29653.75,29658.25,1438
33960000,29658.75,29661.75,29657.875,29654.0,29657.25,923
34020000,29657.25,29658.0,29650.875,29643.75,29649.0,2990
34080000,29649.0,29652.5,29642.75,29633.0,29639.0,3106
34140000,29639.0,29651.25,29643.5,29635.75,29644.5,2281
34200000,29645.0,29686.75,29662.625,29638.5,29660.75,15173
34260000,29660.5,29675.25,29654.75,29634.25,29635.0,11630
34320000,29635.5,29643.0,29622.375,29601.75,29602.0,14320
34380000,29602.25,29607.0,29592.25,29577.5,29586.75,11982
34440000,29586.5,29604.0,29587.875,29571.75,29600.0,12977
34500000,29600.25,29606.0,29586.25,29566.5,29578.5,11908
34560000,29578.5,29583.5,29573.625,29563.75,29576.25,8475
34620000,29576.5,29591.0,29576.25,29561.5,29590.5,8831
34680000,29590.25,29609.25,29594.875,29580.5,29607.25,9694
34740000,29607.5,29613.25,29587.625,29562.0,29567.5,11852
34800000,29567.75,29573.5,29556.75,29540.0,29542.5,12424
34860000,29542.25,29550.0,29540.875,29531.75,29533.25,9448
34920000,29532.75,29534.5,29512.25,29490.0,29490.0,15850
34980000,29490.5,29504.75,29496.375,29488.0,29499.0,7527
35040000,29498.0,29502.25,29484.25,29466.25,29474.5,11918
35100000,29474.25,29515.5,29492.5,29469.5,29512.75,13643
35160000,29512.75,29523.5,29505.25,29487.0,29500.75,12981
35220000,29500.25,29508.5,29496.875,29485.25,29493.75,7256
35280000,29493.5,29515.0,29503.0,29491.0,29513.5,5732
35340000,29513.5,29527.5,29516.25,29505.0,29526.75,7484
35400000,29527.0,29527.75,29510.75,29493.75,29502.75,8952
35460000,29502.75,29503.75,29492.5,29481.25,29496.5,8645
35520000,29497.0,29501.25,29487.875,29474.5,29481.0,7075
35580000,29480.5,29481.0,29467.875,29454.75,29467.0,11580
35640000,29466.5,29501.5,29482.75,29464.0,29501.25,9486
35700000,29501.25,29526.25,29507.625,29489.0,29525.5,11047
35760000,29525.0,29526.25,29518.375,29510.5,29520.0,6234
35820000,29519.75,29538.75,29527.375,29516.0,29530.0,8740
35880000,29530.0,29536.75,29527.0,29517.25,29525.25,6199
35940000,29524.75,29525.25,29510.875,29496.5,29502.75,7881
36000000,29503.25,29512.5,29495.0,29477.5,29491.25,10119
36060000,29490.25,29490.5,29476.75,29463.0,29464.25,7057
36120000,29463.75,29463.75,29450.0,29436.25,29460.25,13769
36180000,29459.5,29486.75,29470.25,29453.75,29479.25,9182
36240000,29480.75,29486.0,29473.625,29461.25,29484.0,6130
36300000,29484.5,29492.0,29480.75,29469.5,29475.5,6268
36360000,29475.25,29479.25,29468.5,29457.75,29468.0,5606
36420000,29468.0,29484.75,29467.5,29450.25,29464.5,7238
36480000,29465.0,29475.0,29467.375,29459.75,29462.0,3576
36540000,29461.75,29469.5,29460.375,29451.25,29452.75,4962
36600000,29452.75,29460.0,29445.375,29430.75,29446.75,10218
36660000,29447.0,29455.0,29439.75,29424.5,29428.75,7966
36720000,29428.75,29463.25,29445.75,29428.25,29463.0,7043
36780000,29463.5,29473.0,29464.5,29456.0,29472.0,5972
36840000,29472.0,29479.75,29469.875,29460.0,29462.5,5689
36900000,29462.25,29484.75,29471.375,29458.0,29479.75,8563
36960000,29479.5,29494.75,29483.25,29471.75,29482.0,6906
37020000,29481.75,29483.0,29475.875,29468.75,29473.25,4668
37080000,29472.75,29477.0,29468.5,29460.0,29474.0,4722
37140000,29474.5,29483.5,29475.5,29467.5,29479.5,3976
37200000,29479.5,29498.75,29487.125,29475.5,29498.5,5294
37260000,29498.75,29513.75,29505.75,29497.75,29512.5,7706
37320000,29512.75,29519.0,29511.375,29503.75,29508.5,5362
37380000,29509.25,29517.5,29506.875,29496.25,29516.0,6490
37440000,29516.0,29523.75,29516.625,29509.5,29522.0,5442
37500000,29521.0,29521.75,29513.375,29505.0,29513.5,4913
37560000,29513.0,29514.75,29500.875,29487.0,29491.5,7194
37620000,29491.75,29497.5,29490.25,29483.0,29492.25,5340
37680000,29492.0,29507.5,29499.625,29491.75,29497.0,5072
37740000,29496.5,29518.0,29505.75,29493.5,29516.5,5178
37800000,29516.5,29521.25,29507.625,29494.0,29498.25,6129
37860000,29498.25,29508.5,29499.0,29489.5,29508.5,4839
37920000,29508.0,29517.25,29506.875,29496.5,29511.25,5138
37980000,29511.0,29512.0,29501.875,29491.75,29508.0,3838
38040000,29508.25,29525.25,29514.75,29504.25,29522.75,4282
38100000,29522.5,29524.5,29514.625,29504.75,29514.5,4547
38160000,29514.25,29517.75,29509.0,29500.25,29507.75,3506
38220000,29507.75,29510.75,29504.25,29497.75,29508.5,3092
38280000,29508.0,29522.0,29509.5,29497.0,29521.0,3895
38340000,29520.5,29521.5,29512.5,29503.5,29507.0,3064
38400000,29507.5,29514.0,29508.875,29503.75,29512.0,2667
38460000,29511.75,29528.0,29519.0,29510.0,29522.75,4563
38520000,29523.0,29530.75,29524.0,29517.25,29523.75,4502
38580000,29523.75,29524.75,29519.75,29514.75,29518.75,2628
38640000,29519.75,29540.0,29529.0,29518.0,29530.5,5504
38700000,29530.75,29533.5,29522.5,29511.5,29524.75,7580
38760000,29524.25,29534.25,29526.625,29519.0,29525.0,3742
38820000,29525.5,29530.75,29524.25,29517.75,29522.25,2745
38880000,29523.0,29524.5,29519.375,29514.25,29522.75,2921
38940000,29522.5,29528.75,29523.0,29517.25,29527.25,2682
39000000,29526.5,29544.0,29533.5,29523.0,29543.5,4774
39060000,29543.25,29551.0,29543.5,29536.0,29538.5,6284
39120000,29538.5,29545.25,29536.25,29527.25,29544.75,4863
39180000,29544.75,29551.75,29547.25,29542.75,29551.75,3608
39240000,29551.5,29551.75,29547.25,29542.75,29549.75,2455
39300000,29549.5,29562.25,29555.75,29549.25,29560.25,5903
39360000,29561.0,29562.0,29558.25,29554.5,29557.0,2345
39420000,29556.5,29558.0,29550.625,29543.25,29543.5,3488
39480000,29543.5,29551.75,29545.5,29539.25,29549.25,3354
39540000,29549.25,29564.25,29556.5,29548.75,29562.5,3978
39600000,29563.0,29567.0,29562.375,29557.75,29565.0,4833
39660000,29565.25,29567.5,29563.5,29559.5,29562.0,2717
39720000,29561.75,29562.75,29555.875,29549.0,29551.75,3551
39780000,29552.0,29561.0,29555.0,29549.0,29554.75,2784
39840000,29555.0,29562.75,29557.0,29551.25,29557.75,2451
39900000,29558.0,29568.5,29561.875,29555.25,29564.0,3118
39960000,29564.0,29565.5,29559.125,29552.75,29555.25,2121
40020000,29555.0,29558.5,29554.75,29551.0,29557.5,2145
40080000,29557.5,29560.0,29556.5,29553.0,29553.75,1388
40140000,29553.75,29557.25,29551.25,29545.25,29556.75,2887
40200000,29556.75,29578.0,29566.75,29555.5,29577.0,6367
40260000,29576.75,29586.0,29581.125,29576.25,29580.25,5489
40320000,29580.0,29592.25,29583.375,29574.5,29588.5,4482
40380000,29588.25,29605.75,29596.625,29587.5,29605.25,7358
40440000,29605.0,29610.0,29604.0,29598.0,29603.0,5190
40500000,29603.0,29607.0,29600.5,29594.0,29606.75,4037
40560000,29606.5,29617.0,29611.375,29605.75,29611.25,5212
40620000,29611.25,29615.5,29610.375,29605.25,29614.25,2735
40680000,29614.25,29624.75,29619.0,29613.25,29622.0,4335
40740000,29622.0,29623.0,29618.0,29613.0,29618.5,3148
40800000,29618.0,29619.0,29612.25,29605.5,29611.5,3548
40860000,29611.25,29612.0,29599.875,29587.75,29589.25,5724
40920000,29589.25,29591.5,29586.25,29581.0,29585.75,5410
40980000,29585.75,29605.0,29595.0,29585.0,29601.75,5010
41040000,29601.75,29621.0,29611.25,29601.5,29618.25,4675
41100000,29618.0,29640.0,29626.125,29612.25,29621.75,8280
41160000,29621.75,29623.75,29616.875,29610.0,29611.25,5493
41220000,29611.25,29618.0,29612.875,29607.75,29613.75,3131
41280000,29613.25,29618.25,29612.0,29605.75,29611.75,2856
41340000,29611.5,29613.75,29609.75,29605.75,29608.5,2320
41400000,29609.0,29621.5,29614.375,29607.25,29611.25,4136
41460000,29611.25,29617.5,29612.125,29606.75,29610.0,2094
41520000,29610.5,29614.75,29608.75,29602.75,29614.5,2772
41580000,29614.5,29614.5,29607.5,29600.5,29605.5,2582
41640000,29605.75,29613.5,29607.75,29602.0,29610.5,2500
41700000,29610.5,29613.0,29604.75,29596.5,29598.5,3601
41760000,29598.75,29605.0,29600.125,29595.25,29604.25,2755
41820000,29604.25,29605.5,29601.375,29597.25,29602.75,1925
41880000,29602.25,29603.5,29600.125,29596.75,29602.5,1480
41940000,29602.25,29612.5,29605.375,29598.25,29612.0,3117
42000000,29611.75,29616.5,29611.5,29606.5,29614.25,3056
42060000,29614.5,29638.0,29626.125,29614.25,29637.0,5761
42120000,29637.0,29643.25,29639.625,29636.0,29638.75,4749
42180000,29639.0,29645.0,29639.5,29634.0,29641.75,3350
42240000,29642.0,29644.0,29639.75,29635.5,29641.25,1842
42300000,29641.25,29644.25,29638.0,29631.75,29635.75,3129
42360000,29635.75,29637.75,29631.5,29625.25,29628.25,3076
42420000,29628.75,29632.75,29623.75,29614.75,29616.5,3454
42480000,29616.5,29622.25,29615.25,29608.25,29613.5,3153
42540000,29613.0,29616.25,29611.25,29606.25,29613.25,2787
42600000,29612.75,29627.0,29618.875,29610.75,29618.25,5026
42660000,29617.75,29621.75,29615.625,29609.5,29614.5,2545
42720000,29614.75,29615.25,29611.5,29607.75,29614.25,1829
42780000,29614.25,29621.0,29614.25,29607.5,29615.75,2269
42840000,29615.25,29618.75,29613.625,29608.5,29614.0,1626
42900000,29614.0,29614.0,29608.875,29603.75,29609.75,2455
42960000,29610.0,29611.5,29608.5,29605.5,29608.25,1472
43020000,29608.5,29619.75,29613.875,29608.0,29618.0,2316
43080000,29618.25,29621.25,29613.125,29605.0,29605.0,2324
43140000,29605.0,29607.25,29603.25,29599.25,29604.25,3406
43200000,29604.5,29608.5,29604.625,29600.75,29602.0,2698
43260000,29602.0,29606.5,29601.25,29596.0,29606.0,3309
43320000,29606.0,29608.0,29603.625,29599.25,29604.25,2303
43380000,29604.25,29607.5,29603.25,29599.0,29604.75,1733
43440000,29604.75,29617.75,29609.125,29600.5,29617.5,3602
43500000,29617.5,29622.5,29615.375,29608.25,29621.75,2437
43560000,29621.5,29621.75,29617.375,29613.0,29616.5,2177
43620000,29616.5,29616.5,29607.75,29599.0,29607.25,3617
43680000,29607.5,29609.0,29604.125,29599.25,29600.25,1454
43740000,29600.75,29600.75,29594.375,29588.0,29590.0,3732
43800000,29590.0,29593.25,29588.75,29584.25,29586.5,3621
43860000,29586.5,29586.75,29582.125,29577.5,29579.25,3888
43920000,29579.5,29587.75,29583.375,29579.0,29580.75,2330
43980000,29580.5,29595.0,29587.5,29580.0,29593.75,2514
44040000,29594.0,29594.75,29591.75,29588.75,29589.25,1638
44100000,29588.75,29589.5,29584.625,29579.75,29581.5,2382
44160000,29581.75,29582.25,29576.125,29570.0,29575.0,3688
44220000,29574.75,29578.5,29575.0,29571.5,29575.75,2272
44280000,29576.0,29581.75,29577.125,29572.5,29574.5,1900
44340000,29574.75,29574.75,29571.875,29569.0,29569.5,1878
44400000,29569.25,29584.75,29573.75,29562.75,29584.0,4773
44460000,29584.25,29586.5,29581.875,29577.25,29580.75,2799
44520000,29581.0,29587.5,29583.75,29580.0,29584.75,2147
44580000,29584.75,29587.25,29582.875,29578.5,29587.0,2178
44640000,29587.25,29592.0,29587.125,29582.25,29591.75,2430
44700000,29591.5,29605.0,29597.25,29589.5,29598.0,5909
44760000,29598.0,29599.5,29590.5,29581.5,29582.5,3258
44820000,29583.0,29585.0,29581.125,29577.25,29578.0,2542
44880000,29578.0,29579.25,29575.25,29571.25,29577.0,2393
44940000,29576.75,29576.75,29571.375,29566.0,29568.25,2938
45000000,29568.5,29570.5,29565.5,29560.5,29566.0,3503
45060000,29566.25,29576.0,29570.75,29565.5,29575.0,2709
45120000,29575.0,29575.75,29570.625,29565.5,29573.25,1825
45180000,29573.0,29583.75,29577.5,29571.25,29583.0,2328
45240000,29583.0,29583.75,29579.25,29574.75,29575.5,1816
45300000,29575.75,29581.5,29575.375,29569.25,29579.75,2306
45360000,29579.5,29583.75,29578.75,29573.75,29574.75,1424
45420000,29574.5,29578.0,29575.625,29573.25,29575.5,1111
45480000,29575.25,29578.75,29574.375,29570.0,29576.5,1466
45540000,29576.0,29580.5,29576.125,29571.75,29575.75,1685
45600000,29575.5,29584.75,29579.25,29573.75,29573.75,1929
45660000,29573.75,29579.75,29575.25,29570.75,29577.5,1626
45720000,29577.5,29580.75,29577.625,29574.5,29575.0,1246
45780000,29575.25,29579.75,29573.75,29567.75,29578.75,2234
45840000,29579.5,29579.75,29575.625,29571.5,29575.0,1189
45900000,29575.75,29582.75,29576.5,29570.25,29571.75,1785
45960000,29571.75,29579.5,29575.125,29570.75,29577.75,1326
46020000,29577.75,29590.0,29582.75,29575.5,29588.0,2967
46080000,29588.25,29596.0,29590.75,29585.5,29587.5,2599
46140000,29587.25,29591.0,29587.0,29583.0,29591.0,1804
46200000,29590.75,29609.75,29596.375,29583.0,29603.25,8154
46260000,29603.75,29603.75,29596.875,29590.0,29591.0,2672
46320000,29591.0,29595.75,29592.25,29588.75,29592.25,1933
46380000,29591.25,29604.25,29595.875,29587.5,29604.25,2764
46440000,29603.75,29606.25,29599.75,29593.25,29595.5,1912
46500000,29596.0,29599.5,29595.25,29591.0,29597.25,1675
46560000,29597.25,29597.5,29580.0,29562.5,29578.75,9280
46620000,29578.75,29581.5,29577.375,29573.25,29576.25,2540
46680000,29576.5,29578.75,29572.625,29566.5,29571.25,2468
46740000,29571.5,29574.5,29562.0,29549.5,29572.5,6912
46800000,29573.0,29603.75,29587.75,29571.75,29602.5,6459
46860000,29602.0,29623.5,29610.625,29597.75,29621.5,5769
46920000,29621.0,29626.25,29621.125,29616.0,29621.5,3265
46980000,29621.75,29625.0,29621.0,29617.0,29621.75,1953
47040000,29621.75,29631.5,29625.375,29619.25,29630.25,2889
47100000,29630.5,29631.75,29628.875,29626.0,29629.5,2104
47160000,29629.25,29641.5,29631.75,29622.0,29640.5,4401
47220000,29640.25,29640.75,29634.0,29627.25,29627.5,2647
47280000,29628.0,29628.75,29622.5,29616.25,29622.25,3233
47340000,29622.5,29622.75,29619.75,29616.75,29620.5,1428
47400000,29620.75,29625.25,29622.25,29619.25,29622.75,1611
47460000,29622.25,29625.5,29622.5,29619.5,29623.0,1090
47520000,29623.0,29627.75,29624.125,29620.5,29623.75,1424
47580000,29624.75,29633.0,29626.875,29620.75,29631.25,1834
47640000,29631.5,29632.5,29629.0,29625.5,29628.25,1252
47700000,29628.0,29631.25,29625.875,29620.5,29627.25,1627
47760000,29628.0,29632.5,29629.25,29626.0,29626.75,1281
47820000,29627.5,29633.0,29630.0,29627.0,29627.75,958
47880000,29627.75,29632.0,29628.25,29624.5,29626.0,1115
47940000,29626.5,29631.0,29627.75,29624.5,29626.0,1143
48000000,29626.0,29628.25,29623.125,29618.0,29619.5,2140
48060000,29619.25,29620.5,29617.625,29614.75,29619.0,2044
48120000,29618.25,29619.0,29615.5,29612.0,29617.0,1696
48180000,29617.0,29623.5,29618.375,29613.25,29622.5,1654
48240000,29622.75,29629.5,29622.375,29615.25,29622.75,2262
48300000,29623.0,29624.5,29618.25,29612.0,29613.75,1944
48360000,29614.0,29614.5,29610.375,29606.25,29610.5,2606
48420000,29610.75,29614.5,29611.5,29608.5,29610.5,1237
48480000,29610.75,29618.5,29613.875,29609.25,29617.0,1473
48540000,29617.5,29619.5,29616.5,29613.5,29615.75,1137
48600000,29616.0,29623.5,29619.625,29615.75,29620.5,1978
48660000,29620.25,29621.25,29618.0,29614.75,29620.75,1203
48720000,29621.5,29626.0,29622.0,29618.0,29624.75,1367
48780000,29624.75,29630.0,29626.625,29623.25,29629.0,1748
48840000,29629.25,29632.75,29628.625,29624.5,29627.5,1577
48900000,29627.25,29631.75,29628.0,29624.25,29628.75,1214
48960000,29628.25,29628.75,29625.375,29622.0,29622.75,1128
49020000,29623.25,29629.5,29625.875,29622.25,29628.5,1057
49080000,29628.75,29632.0,29627.875,29623.75,29624.75,1361
49140000,29624.75,29626.25,29622.875,29619.5,29620.5,1203
49200000,29620.5,29621.0,29615.0,29609.0,29609.75,3110
49260000,29609.75,29610.5,29606.25,29602.0,29605.5,2744
49320000,29605.75,29610.5,29607.125,29603.75,29609.0,1636
49380000,29609.0,29613.0,29609.0,29605.0,29605.5,1319
49440000,29605.25,29606.5,29602.25,29598.0,29600.0,2186
49500000,29599.75,29607.25,29603.375,29599.5,29603.5,1586
49560000,29604.0,29610.0,29605.5,29601.0,29606.0,1589
49620000,29606.0,29608.5,29605.5,29602.5,29607.5,1070
49680000,29607.25,29612.0,29609.0,29606.0,29608.75,1210
49740000,29608.75,29610.75,29607.5,29604.25,29606.0,1078
49800000,29605.75,29606.5,29602.75,29599.0,29603.75,1729
49860000,29604.0,29604.5,29598.75,29593.0,29602.25,2628
49920000,29601.75,29611.75,29606.75,29601.75,29607.75,1984
49980000,29607.75,29613.25,29608.375,29603.5,29612.25,1366
50040000,29612.0,29612.75,29609.0,29605.25,29608.5,1339
50100000,29608.25,29608.75,29605.5,29602.25,29603.25,1196
50160000,29602.75,29603.0,29598.375,29593.75,29597.25,2431
50220000,29597.0,29600.5,29597.5,29594.5,29599.25,1307
50280000,29599.5,29600.5,29596.75,29593.0,29597.0,1322
50340000,29596.75,29598.5,29593.25,29588.0,29590.25,1976
50400000,29590.25,29599.75,29594.0,29588.25,29588.75,3105
50460000,29588.75,29595.25,29590.375,29585.5,29592.75,2306
50520000,29592.5,29595.25,29592.625,29590.0,29594.5,1104
50580000,29594.0,29595.75,29592.0,29588.25,29589.25,1205
50640000,29589.25,29598.5,29593.625,29588.75,29598.25,1321
50700000,29598.0,29607.25,29601.625,29596.0,29607.25,2637
50760000,29607.25,29609.25,29606.625,29604.0,29608.25,1693
50820000,29608.5,29610.5,29607.0,29603.5,29605.0,1403
50880000,29605.25,29610.0,29607.0,29604.0,29605.75,865
50940000,29606.0,29611.25,29607.875,29604.5,29606.5,1061
51000000,29606.75,29613.75,29609.75,29605.75,29610.5,1711
51060000,29610.75,29613.75,29609.375,29605.0,29609.75,1605
51120000,29609.75,29613.75,29610.875,29608.0,29608.0,991
51180000,29608.25,29610.25,29605.875,29601.5,29602.5,1623
51240000,29602.25,29607.5,29604.125,29600.75,29604.75,1458
51300000,29605.5,29610.0,29607.375,29604.75,29606.75,1284
51360000,29606.75,29615.75,29610.875,29606.0,29611.5,1906
51420000,29611.75,29613.75,29610.5,29607.25,29609.25,1094
51480000,29609.5,29609.75,29606.5,29603.25,29604.75,1363
51540000,29604.5,29612.0,29608.25,29604.5,29609.75,1644
51600000,29609.75,29614.25,29611.25,29608.25,29610.0,1091
51660000,29609.5,29610.5,29605.125,29599.75,29601.25,1656
51720000,29601.25,29603.75,29599.25,29594.75,29599.0,2082
51780000,29599.0,29599.75,29597.125,29594.5,29595.75,1540
51840000,29596.25,29597.25,29593.625,29590.0,29592.0,1705
51900000,29592.0,29597.75,29593.125,29588.5,29594.5,2131
51960000,29594.5,29596.5,29594.375,29592.25,29594.5,883
52020000,29594.75,29599.5,29596.5,29593.5,29594.5,1482
52080000,29594.75,29596.5,29594.25,29592.0,29592.25,806
52140000,29592.0,29600.0,29594.625,29589.25,29597.25,1490
52200000,29597.25,29599.5,29595.75,29592.0,29593.0,1212
52260000,29593.0,29596.0,29593.25,29590.5,29593.75,912
52320000,29593.75,29600.25,29597.0,29593.75,29596.5,1030
52380000,29596.75,29600.25,29597.0,29593.75,29594.5,922
52440000,29594.75,29596.75,29593.875,29591.0,29591.25,541
52500000,29591.25,29592.0,29586.0,29580.0,29583.0,3581
52560000,29583.0,29589.25,29585.5,29581.75,29586.25,1954
52620000,29586.25,29593.75,29588.75,29583.75,29591.25,1483
52680000,29591.25,29596.75,29593.75,29590.75,29593.5,1483
52740000,29593.5,29594.0,29587.875,29581.75,29584.75,1928
52800000,29585.0,29585.75,29583.5,29581.25,29583.25,1735
52860000,29583.0,29586.5,29582.0,29577.5,29583.5,1616
52920000,29583.75,29591.5,29587.0,29582.5,29589.0,1913
52980000,29589.0,29603.0,29595.5,29588.0,29603.0,3201
53040000,29603.0,29604.75,29602.125,29599.5,29603.25,1283
53100000,29602.75,29610.5,29606.0,29601.5,29605.25,2718
53160000,29605.75,29611.0,29607.5,29604.0,29609.25,1222
53220000,29609.0,29610.75,29596.25,29581.75,29583.0,5710
53280000,29583.25,29586.25,29557.625,29529.0,29530.75,14844
53340000,29531.25,29558.25,29538.875,29519.5,29545.25,11920
53400000,29545.0,29571.0,29558.0,29545.0,29571.0,7192
53460000,29571.0,29574.25,29565.375,29556.5,29557.5,5181
53520000,29557.5,29561.25,29548.5,29535.75,29536.75,5861
53580000,29536.25,29572.5,29554.375,29536.25,29571.75,5372
53640000,29572.0,29581.25,29574.125,29567.0,29575.25,4629
53700000,29575.0,29580.75,29575.5,29570.25,29575.0,2756
53760000,29574.75,29578.25,29574.125,29570.0,29577.75,2076
53820000,29577.5,29586.75,29581.25,29575.75,29580.0,2891
53880000,29579.75,29584.75,29578.875,29573.0,29584.5,2230
53940000,29584.75,29585.0,29579.625,29574.25,29576.0,1665
54000000,29576.0,29586.5,29579.75,29573.0,29578.25,2737
54060000,29578.0,29580.75,29574.75,29568.75,29577.75,2372
54120000,29577.25,29579.25,29575.625,29572.0,29575.5,1390
54180000,29575.25,29578.0,29572.125,29566.25,29570.0,2132
54240000,29570.75,29571.25,29565.625,29560.0,29569.5,2758
54300000,29569.0,29575.0,29570.0,29565.0,29573.0,2056
54360000,29573.25,29578.75,29573.25,29567.75,29570.25,2019
54420000,29570.75,29583.75,29575.875,29568.0,29582.0,2394
54480000,29581.75,29582.0,29577.875,29573.75,29576.5,1595
54540000,29576.75,29578.25,29572.875,29567.5,29568.0,1807
54600000,29567.75,29580.0,29573.25,29566.5,29576.75,2823
54660000,29577.75,29580.25,29577.125,29574.0,29577.5,1433
54720000,29577.0,29579.25,29576.125,29573.0,29574.0,1130
54780000,29575.0,29576.5,29572.75,29569.0,29572.0,1195
54840000,29571.5,29576.0,29571.75,29567.5,29574.0,1571
54900000,29574.5,29579.5,29575.625,29571.75,29575.75,1114
54960000,29576.25,29577.5,29573.625,29569.75,29575.0,950
55020000,29575.25,29576.0,29569.875,29563.75,29570.5,1757
55080000,29570.25,29570.75,29564.75,29558.75,29563.5,2128
55140000,29563.5,29566.75,29563.375,29560.0,29561.0,1178
55200000,29561.0,29561.5,29558.5,29555.5,29558.25,1966
55260000,29558.75,29571.0,29563.375,29555.75,29566.75,2121
55320000,29567.0,29568.5,29561.125,29553.75,29556.25,2445
55380000,29556.25,29559.0,29556.5,29554.0,29557.25,1124
55440000,29556.75,29557.5,29551.875,29546.25,29550.0,2240
55500000,29550.0,29553.5,29549.25,29545.0,29549.0,1813
55560000,29549.25,29555.75,29549.75,29543.75,29552.75,1907
55620000,29553.75,29563.0,29556.5,29550.0,29560.25,2330
55680000,29559.75,29562.5,29557.125,29551.75,29557.75,1572
55740000,29557.75,29568.5,29562.625,29556.75,29564.25,2200
55800000,29564.5,29564.5,29555.875,29547.25,29552.0,3349
55860000,29552.25,29560.0,29554.25,29548.5,29559.5,1738
55920000,29559.75,29565.0,29560.75,29556.5,29557.0,1796
55980000,29557.25,29559.25,29556.375,29553.5,29556.5,880
56040000,29557.0,29566.5,29560.375,29554.25,29563.25,1198
56100000,29562.5,29564.5,29557.625,29550.75,29551.25,2002
56160000,29550.75,29556.75,29552.875,29549.0,29550.5,1355
56220000,29550.75,29554.25,29551.75,29549.25,29553.5,882
56280000,29554.0,29557.5,29554.125,29550.75,29553.25,1191
56340000,29553.5,29557.0,29553.75,29550.5,29555.5,980
56400000,29555.5,29560.5,29556.25,29552.0,29558.75,1479
56460000,29558.75,29559.25,29555.375,29551.5,29556.0,1076
56520000,29556.0,29556.25,29551.125,29546.0,29552.25,1754
56580000,29552.25,29553.0,29548.125,29543.25,29544.0,1429
56640000,29544.25,29549.75,29547.0,29544.25,29549.0,1116
56700000,29549.25,29553.0,29543.125,29533.25,29534.0,5681
56760000,29534.0,29538.5,29534.125,29529.75,29535.75,3237
56820000,29536.0,29539.5,29536.125,29532.75,29534.0,1711
56880000,29533.75,29535.25,29529.75,29524.25,29533.75,2734
56940000,29533.75,29546.0,29538.75,29531.5,29545.0,2778
57000000,29545.25,29552.0,29531.625,29511.25,29535.0,11410
57060000,29535.25,29543.75,29535.25,29526.75,29529.75,4064
57120000,29530.5,29531.0,29524.875,29518.75,29520.25,3019
57180000,29519.75,29525.25,29518.0,29510.75,29514.5,4721
57240000,29514.5,29514.5,29504.75,29495.0,29507.5,8688
57300000,29508.0,29530.5,29518.75,29507.0,29517.75,5939
57360000,29518.0,29522.0,29515.375,29508.75,29521.5,2827
57420000,29521.5,29524.5,29518.125,29511.75,29517.75,2344
57480000,29518.0,29521.25,29514.625,29508.0,29511.75,3179
57540000,29511.5,29549.5,29525.125,29500.75,29542.5,13387
57600000,29543.0,29550.75,29541.0,29531.25,29537.5,5653
57660000,29537.75,29539.0,29533.0,29527.0,29530.0,1524
57720000,29530.75,29533.25,29524.625,29516.0,29524.25,2528
57780000,29524.0,29526.0,29518.625,29511.25,29511.5,1539
57840000,29511.5,29521.75,29514.5,29507.25,29517.0,1580
57900000,29517.0,29517.25,29511.375,29505.5,29509.75,1463
57960000,29510.0,29515.75,29512.5,29509.25,29513.75,1060
58020000,29513.75,29522.25,29518.0,29513.75,29521.25,943
58080000,29521.25,29523.5,29521.5,29519.5,29521.5,633
58140000,29521.0,29523.5,29521.0,29518.5,29520.5,493
58200000,29520.0,29527.25,29523.375,29519.5,29526.25,939
58260000,29525.75,29527.75,29525.125,29522.5,29526.0,549
58320000,29526.5,29527.75,29523.25,29518.75,29521.0,565
58380000,29521.0,29523.0,29521.375,29519.75,29521.5,338
58440000,29521.0,29525.25,29522.625,29520.0,29524.5,666
58500000,29524.75,29528.75,29524.75,29520.75,29520.75,744
58560000,29521.25,29521.75,29517.75,29513.75,29521.0,926
58620000,29520.75,29527.5,29524.125,29520.75,29524.0,528
58680000,29524.5,29525.0,29523.25,29521.5,29523.0,314
58740000,29523.5,29523.75,29521.375,29519.0,29520.25,242
58800000,29520.25,29526.5,29523.25,29520.0,29520.0,327
58860000,29521.0,29521.75,29519.625,29517.5,29521.25,303
58920000,29521.0,29526.25,29523.5,29520.75,29525.0,345
58980000,29525.5,29526.25,29524.0,29521.75,29523.0,239
59040000,29523.0,29524.75,29523.375,29522.0,29523.0,208
59100000,29523.5,29525.75,29520.0,29514.25,29524.25,911
59160000,29525.25,29526.25,29524.25,29522.25,29525.0,322
59220000,29525.25,29527.0,29525.625,29524.25,29527.0,165
59280000,29527.0,29527.5,29516.5,29505.5,29513.25,2253
59340000,29512.75,29514.5,29510.5,29506.5,29507.5,803
59400000,29507.75,29508.0,29505.625,29503.25,29503.5,717
59460000,29504.75,29509.75,29506.5,29503.25,29509.75,506
59520000,29509.5,29511.0,29509.125,29507.25,29507.75,412
59580000,29507.5,29508.75,29507.0,29505.25,29507.0,266
59640000,29507.25,29510.75,29508.75,29506.75,29510.75,362
59700000,29510.5,29513.0,29511.375,29509.75,29512.0,340
59760000,29512.25,29515.25,29513.5,29511.75,29514.25,563
59820000,29515.0,29517.5,29515.75,29514.0,29517.25,349
59880000,29516.5,29517.0,29515.125,29513.25,29515.5,164
59940000,29515.5,29516.75,29514.75,29512.75,29514.25,286
60000000,29514.0,29518.75,29516.0,29513.25,29515.75,299
60060000,29516.0,29519.5,29517.625,29515.75,29518.75,172
60120000,29518.25,29520.5,29517.625,29514.75,29518.75,454
60180000,29519.5,29521.0,29519.5,29518.0,29520.5,248
60240000,29520.0,29522.75,29520.875,29519.0,29521.25,694
60300000,29521.25,29524.0,29521.75,29519.5,29522.25,653
60360000,29521.25,29523.0,29521.875,29520.75,29521.5,183
60420000,29521.5,29523.25,29521.125,29519.0,29519.0,356
60480000,29519.0,29523.0,29520.625,29518.25,29522.25,348
60540000,29521.5,29523.75,29522.0,29520.25,29520.25,378
60600000,29520.25,29523.5,29521.875,29520.25,29522.5,178
60660000,29522.75,29525.5,29524.125,29522.75,29524.0,181
60720000,29523.25,29525.0,29523.75,29522.5,29524.5,108
60780000,29524.5,29526.5,29525.5,29524.5,29526.25,180
60840000,29526.5,29527.0,29525.375,29523.75,29524.75,222
60900000,29524.75,29526.25,29523.625,29521.0,29521.5,390
60960000,29521.0,29526.5,29523.375,29520.25,29524.25,165
61020000,29524.25,29527.0,29525.625,29524.25,29527.0,136
61080000,29527.0,29527.5,29526.0,29524.5,29526.5,136
61140000,29525.75,29526.75,29524.5,29522.25,29525.5,281
64800000,29528.0,29530.0,29516.75,29503.5,29505.5,0
64860000,29505.0,29517.0,29510.125,29503.25,29515.0,908
64920000,29513.75,29532.0,29522.125,29512.25,29530.75,1071
64980000,29530.0,29540.0,29532.375,29524.75,29536.75,1269
65040000,29537.25,29538.5,29533.625,29528.75,29534.25,604
65100000,29534.25,29536.0,29533.0,29530.0,29531.25,469
65160000,29531.25,29535.0,29529.75,29524.5,29533.0,928
65220000,29533.0,29534.5,29532.125,29529.75,29532.0,293
65280000,29531.75,29532.25,29529.25,29526.25,29528.75,338
65340000,29528.75,29530.75,29527.875,29525.0,29526.0,353
65400000,29526.0,29527.75,29524.625,29521.5,29524.0,503
65460000,29524.25,29526.75,29525.25,29523.75,29526.75,288
65520000,29526.0,29527.0,29525.125,29523.25,29525.0,206
65580000,29525.5,29526.5,29524.625,29522.75,29522.75,192
65640000,29523.5,29524.25,29522.875,29521.5,29521.75,218
65700000,29521.75,29524.75,29521.75,29518.75,29521.25,721
65760000,29521.0,29528.5,29524.625,29520.75,29525.0,392
65820000,29525.5,29526.25,29525.125,29524.0,29524.5,156
65880000,29524.5,29527.5,29525.75,29524.0,29524.5,283
65940000,29524.5,29527.0,29524.5,29522.0,29524.25,157
66000000,29524.0,29524.5,29522.5,29520.5,29522.5,154
66060000,29522.25,29526.5,29524.25,29522.0,29524.5,185
66120000,29524.75,29525.5,29516.625,29507.75,29510.25,1069
66180000,29509.75,29520.25,29515.0,29509.75,29515.75,1064
66240000,29515.75,29519.0,29517.0,29515.0,29517.25,236
66300000,29516.5,29522.25,29519.375,29516.5,29520.75,434
66360000,29521.75,29529.0,29524.75,29520.5,29523.75,587
66420000,29523.0,29525.75,29522.875,29520.0,29522.25,311
66480000,29523.25,29524.75,29523.5,29522.25,29524.0,83
66540000,29523.75,29524.5,29522.625,29520.75,29521.5,166
66600000,29522.0,29524.5,29522.625,29520.75,29524.25,171
66660000,29524.0,29524.25,29520.625,29517.0,29520.0,420
66720000,29520.0,29520.75,29518.25,29515.75,29518.75,305
66780000,29518.0,29521.25,29518.625,29516.0,29521.25,304
66840000,29521.25,29523.5,29521.125,29518.75,29522.25,368
66900000,29522.0,29522.75,29521.5,29520.25,29521.25,163
66960000,29521.75,29525.25,29523.125,29521.0,29524.25,211
67020000,29523.75,29525.75,29524.375,29523.0,29524.5,256
67080000,29524.5,29525.5,29524.125,29522.75,29524.0,124
67140000,29524.25,29524.75,29523.75,29522.75,29524.0,123
67200000,29524.0,29530.0,29527.0,29524.0,29529.25,786
67260000,29529.0,29529.5,29528.0,29526.5,29529.25,186
67320000,29528.75,29529.75,29528.625,29527.5,29527.75,155
67380000,29528.5,29529.75,29527.875,29526.0,29527.25,220
67440000,29526.75,29529.25,29527.75,29526.25,29526.75,254
67500000,29527.5,29528.75,29527.375,29526.0,29528.25,173
67560000,29528.75,29531.25,29529.75,29528.25,29529.25,307
67620000,29529.25,29530.75,29529.625,29528.5,29530.0,250
67680000,29529.75,29531.25,29530.25,29529.25,29530.5,198
67740000,29530.5,29535.0,29532.75,29530.5,29533.75,507
67800000,29533.25,29534.75,29531.75,29528.75,29533.75,508
67860000,29533.5,29537.25,29535.375,29533.5,29535.0,388
67920000,29535.75,29537.0,29535.375,29533.75,29535.25,223
67980000,29534.5,29534.5,29533.375,29532.25,29534.0,210
68040000,29534.0,29535.25,29533.5,29531.75,29534.25,168
68100000,29534.5,29535.5,29534.5,29533.5,29534.25,216
68160000,29533.75,29541.25,29537.125,29533.0,29538.75,725
68220000,29538.75,29546.5,29542.5,29538.5,29543.75,1037
68280000,29544.25,29550.25,29546.625,29543.0,29545.25,794
68340000,29546.0,29546.25,29545.0,29543.75,29544.75,295
68400000,29544.5,29546.25,29544.25,29542.25,29544.5,417
68460000,29545.25,29545.75,29543.125,29540.5,29540.5,356
68520000,29540.5,29543.0,29541.625,29540.25,29542.75,308
68580000,29542.0,29542.0,29540.375,29538.75,29539.25,328
68640000,29539.25,29539.75,29536.0,29532.25,29536.0,627
68700000,29535.75,29538.5,29536.875,29535.25,29536.0,380
68760000,29536.0,29537.75,29536.375,29535.0,29536.75,196
68820000,29536.75,29537.25,29536.125,29535.0,29536.0,208
68880000,29536.0,29536.5,29535.5,29534.5,29535.75,160
68940000,29535.5,29536.75,29534.75,29532.75,29534.0,412
69000000,29533.5,29535.0,29533.875,29532.75,29533.75,116
69060000,29533.75,29534.25,29531.75,29529.25,29531.0,558
69120000,29530.5,29533.75,29532.0,29530.25,29533.5,161
69180000,29533.5,29534.0,29532.125,29530.25,29530.25,172
69240000,29530.25,29532.5,29531.125,29529.75,29531.5,197
69300000,29530.75,29531.5,29530.375,29529.25,29529.75,271
69360000,29529.5,29530.25,29528.125,29526.0,29529.0,583
69420000,29528.75,29529.5,29528.125,29526.75,29526.75,155
69480000,29527.0,29527.5,29522.75,29518.0,29524.5,1378
69540000,29524.0,29526.0,29524.75,29523.5,29525.0,374
69600000,29524.5,29525.5,29524.25,29523.0,29524.75,225
69660000,29524.0,29525.25,29523.375,29521.5,29521.5,282
69720000,29521.5,29525.25,29523.375,29521.5,29523.5,167
69780000,29523.75,29525.0,29522.125,29519.25,29524.0,463
69840000,29523.75,29527.75,29525.5,29523.25,29526.25,392
69900000,29526.5,29526.75,29520.25,29513.75,29517.5,829
69960000,29517.5,29519.5,29516.125,29512.75,29514.75,645
70020000,29514.25,29516.25,29514.875,29513.5,29514.25,413
70080000,29514.25,29518.5,29516.375,29514.25,29516.0,357
70140000,29516.0,29516.75,29515.375,29514.0,29516.0,258
70200000,29516.0,29520.0,29517.125,29514.25,29515.75,571
70260000,29515.0,29518.75,29516.875,29515.0,29517.25,223
70320000,29516.75,29517.5,29515.875,29514.25,29516.5,275
70380000,29516.5,29517.75,29515.5,29513.25,29514.5,309
70440000,29513.75,29515.0,29514.0,29513.0,29514.5,142
70500000,29514.25,29514.25,29511.625,29509.0,29509.75,639
70560000,29509.5,29512.5,29510.875,29509.25,29512.25,350
70620000,29512.75,29512.75,29510.625,29508.5,29509.0,295
70680000,29509.25,29509.5,29505.75,29502.0,29502.75,1151
70740000,29503.25,29509.5,29505.75,29502.0,29507.75,613
70800000,29507.25,29508.0,29505.75,29503.5,29507.5,434
70860000,29507.5,29511.75,29509.375,29507.0,29509.75,519
70920000,29509.75,29511.75,29510.125,29508.5,29511.0,273
70980000,29511.25,29512.5,29510.125,29507.75,29508.5,421
71040000,29508.25,29508.75,29506.625,29504.5,29507.5,375
71100000,29507.0,29512.75,29509.25,29505.75,29508.25,484
71160000,29508.0,29508.0,29503.625,29499.25,29507.75,1051
71220000,29507.0,29508.5,29506.875,29505.25,29508.25,314
71280000,29507.75,29509.75,29502.75,29495.75,29500.75,1198
71340000,29500.5,29503.0,29499.875,29496.75,29502.5,981
71400000,29502.75,29505.5,29502.5,29499.5,29500.5,673
71460000,29499.75,29502.5,29500.625,29498.75,29499.25,334
71520000,29499.5,29500.0,29495.75,29491.5,29493.5,928
71580000,29493.25,29498.25,29495.125,29492.0,29495.75,686
71640000,29495.5,29496.75,29493.25,29489.75,29490.5,895
71700000,29491.0,29504.0,29497.5,29491.0,29500.0,1577
71760000,29500.0,29503.75,29499.75,29495.75,29496.75,797
71820000,29497.5,29498.25,29494.5,29490.75,29492.0,833
71880000,29491.75,29495.75,29493.125,29490.5,29493.75,670
71940000,29493.5,29500.75,29497.0,29493.25,29500.25,653
72000000,29500.5,29520.5,29509.75,29499.0,29517.0,3473
72060000,29516.75,29526.0,29520.625,29515.25,29520.25,2019
72120000,29520.25,29538.5,29528.875,29519.25,29535.75,2917
72180000,29535.0,29548.5,29541.75,29535.0,29545.5,2013
72240000,29545.75,29546.5,29541.875,29537.25,29545.0,1549
72300000,29545.0,29559.5,29551.625,29543.75,29555.25,2531
72360000,29555.0,29561.5,29557.25,29553.0,29557.75,1733
72420000,29557.75,29561.5,29556.625,29551.75,29554.0,1026
72480000,29554.5,29555.25,29550.25,29545.25,29546.5,1392
72540000,29547.0,29549.25,29542.375,29535.5,29537.25,2110
72600000,29537.25,29543.0,29537.75,29532.5,29540.25,1860
72660000,29540.0,29548.5,29542.25,29536.0,29546.25,1464
72720000,29546.5,29551.0,29546.0,29541.0,29545.25,1218
72780000,29545.25,29548.25,29545.625,29543.0,29545.75,632
72840000,29546.0,29546.25,29541.75,29537.25,29539.25,1028
72900000,29539.5,29540.0,29529.125,29518.25,29521.75,3133
72960000,29522.25,29527.25,29522.625,29518.0,29523.75,1365
73020000,29524.0,29525.5,29521.0,29516.5,29524.5,1077
73080000,29524.75,29529.5,29526.0,29522.5,29526.5,1052
73140000,29526.25,29534.75,29530.25,29525.75,29531.0,1178
73200000,29532.0,29534.75,29531.75,29528.75,29531.0,650
73260000,29531.5,29537.75,29532.125,29526.5,29537.25,1223
73320000,29536.75,29537.25,29532.25,29527.25,29530.75,776
73380000,29531.0,29538.0,29533.375,29528.75,29531.25,832
73440000,29531.0,29533.5,29530.25,29527.0,29528.5,672
73500000,29528.5,29529.5,29525.375,29521.25,29525.0,1229
73560000,29524.75,29531.25,29523.5,29515.75,29517.75,1273
73620000,29517.25,29523.5,29520.375,29517.25,29523.25,819
73680000,29523.75,29529.75,29526.25,29522.75,29525.5,908
73740000,29526.0,29527.5,29523.75,29520.0,29525.75,620
73800000,29526.25,29529.75,29526.125,29522.5,29524.5,689
73860000,29524.0,29524.0,29517.125,29510.25,29511.5,2153
73920000,29511.5,29522.5,29515.75,29509.0,29519.75,1542
73980000,29519.25,29526.25,29522.0,29517.75,29525.25,990
74040000,29525.0,29526.75,29522.0,29517.25,29521.25,1113
74100000,29521.0,29523.75,29519.625,29515.5,29516.75,645
74160000,29517.5,29519.25,29514.25,29509.25,29514.0,1031
74220000,29514.0,29521.5,29516.5,29511.5,29513.75,826
74280000,29514.25,29519.75,29516.375,29513.0,29518.75,419
74340000,29518.75,29531.75,29525.125,29518.5,29528.5,1609
74400000,29528.25,29530.0,29524.875,29519.75,29520.0,1096
74460000,29520.25,29525.0,29520.5,29516.0,29524.25,730
74520000,29524.25,29531.0,29525.625,29520.25,29524.25,1297
74580000,29524.25,29534.25,29529.25,29524.25,29532.75,882
74640000,29532.75,29539.75,29535.5,29531.25,29537.75,1315
74700000,29537.75,29544.0,29540.25,29536.5,29540.5,1355
74760000,29540.25,29540.25,29536.5,29532.75,29535.75,767
74820000,29535.75,29539.5,29535.75,29532.0,29537.75,532
74880000,29538.0,29538.0,29535.375,29532.75,29535.25,589
74940000,29535.5,29540.0,29536.625,29533.25,29539.25,528
75000000,29539.75,29554.5,29546.75,29539.0,29550.0,2359
75060000,29550.75,29551.25,29549.5,29547.75,29549.0,731
75120000,29549.0,29556.75,29552.0,29547.25,29555.75,813
75180000,29555.25,29560.0,29556.875,29553.75,29558.5,1177
75240000,29558.25,29562.75,29560.0,29557.25,29558.25,1235
75300000,29558.75,29562.75,29559.5,29556.25,29559.5,1183
75360000,29559.75,29560.25,29556.625,29553.0,29554.75,893
75420000,29554.25,29558.0,29554.5,29551.0,29552.5,668
75480000,29552.25,29557.25,29554.625,29552.0,29556.0,462
75540000,29556.5,29561.0,29557.25,29553.5,29560.0,631
75600000,29560.25,29573.0,29564.375,29555.75,29572.5,2356
75660000,29572.5,29573.5,29567.25,29561.0,29563.75,1829
75720000,29564.0,29570.75,29565.75,29560.75,29566.0,893
75780000,29566.25,29572.25,29566.375,29560.5,29562.75,1380
75840000,29563.25,29565.5,29561.875,29558.25,29563.5,831
75900000,29563.25,29568.75,29563.625,29558.5,29559.0,1138
75960000,29559.5,29577.25,29568.25,29559.25,29574.0,1855
76020000,29574.75,29575.75,29572.125,29568.5,29573.75,1180
76080000,29574.25,29576.5,29574.25,29572.0,29575.5,475
76140000,29575.5,29578.5,29576.25,29574.0,29578.0,889
76200000,29577.5,29581.25,29579.0,29576.75,29580.0,1241
76260000,29580.25,29580.5,29577.75,29575.0,29577.25,806
76320000,29577.0,29578.0,29576.375,29574.75,29578.0,507
76380000,29577.75,29578.5,29576.625,29574.75,29577.0,378
76440000,29577.5,29578.5,29575.5,29572.5,29575.0,501
76500000,29574.75,29578.5,29575.75,29573.0,29573.25,435
76560000,29573.0,29579.0,29574.875,29570.75,29573.75,1007
76620000,29574.25,29575.0,29572.125,29569.25,29573.0,529
76680000,29572.75,29577.0,29574.5,29572.0,29574.75,413
76740000,29575.5,29580.5,29575.375,29570.25,29578.25,1174
76800000,29579.25,29582.75,29579.75,29576.75,29581.0,933
76860000,29581.0,29582.5,29580.375,29578.25,29579.75,508
76920000,29580.25,29581.5,29578.25,29575.0,29579.0,675
76980000,29579.0,29585.5,29582.25,29579.0,29583.25,1328
77040000,29583.25,29595.75,29588.75,29581.75,29594.5,2731
77100000,29594.0,29594.75,29591.625,29588.5,29592.25,954
77160000,29592.0,29595.75,29593.0,29590.25,29594.0,1239
77220000,29594.25,29599.5,29596.5,29593.5,29596.5,1371
77280000,29596.5,29596.5,29593.25,29590.0,29591.25,792
77340000,29591.0,29592.0,29590.25,29588.5,29589.5,630
77400000,29589.75,29592.25,29586.875,29581.5,29586.5,1241
77460000,29586.0,29587.0,29583.625,29580.25,29581.0,788
77520000,29581.0,29585.25,29580.25,29575.25,29584.75,1172
77580000,29585.75,29596.25,29589.875,29583.5,29594.5,1251
77640000,29595.0,29596.25,29594.125,29592.0,29594.5,759
77700000,29595.0,29604.5,29599.5,29594.5,29602.5,1798
77760000,29602.5,29607.25,29604.625,29602.0,29605.0,1172
77820000,29604.5,29607.5,29603.0,29598.5,29606.25,1235
77880000,29606.25,29606.5,29601.0,29595.5,29595.5,994
77940000,29596.0,29604.75,29600.125,29595.5,29603.0,620
78000000,29603.5,29604.0,29600.375,29596.75,29597.75,433
78060000,29597.75,29598.75,29594.5,29590.25,29592.25,925
78120000,29592.0,29593.75,29591.625,29589.5,29592.5,591
78180000,29593.75,29595.25,29593.25,29591.25,29593.75,474
78240000,29593.5,29595.75,29593.625,29591.5,29593.0,358
78300000,29593.0,29606.25,29599.625,29593.0,29603.5,1211
78360000,29603.75,29608.5,29605.5,29602.5,29605.25,951
78420000,29604.5,29605.75,29602.5,29599.25,29604.5,938
78480000,29605.0,29605.0,29600.375,29595.75,29596.5,503
78540000,29597.25,29602.75,29600.0,29597.25,29601.75,355
78600000,29601.5,29601.5,29597.5,29593.5,29595.25,813
78660000,29594.5,29595.5,29590.625,29585.75,29586.5,1142
78720000,29586.75,29588.0,29585.0,29582.0,29583.5,1293
78780000,29584.0,29593.0,29588.0,29583.0,29592.75,821
78840000,29593.25,29594.0,29591.5,29589.0,29591.0,462
78900000,29591.0,29593.0,29591.375,29589.75,29591.25,266
78960000,29591.5,29597.0,29594.25,29591.5,29596.5,569
79020000,29596.5,29596.75,29591.75,29586.75,29587.0,655
79080000,29587.0,29590.5,29587.75,29585.0,29586.0,348
79140000,29585.75,29594.25,29590.0,29585.75,29593.0,405
79200000,29593.5,29600.75,29595.5,29590.25,29598.5,1180
79260000,29599.0,29607.0,29602.25,29597.5,29605.25,1304
79320000,29606.0,29606.5,29604.25,29602.0,29602.75,451
79380000,29602.75,29607.5,29604.375,29601.25,29605.5,510
79440000,29605.25,29611.5,29607.75,29604.0,29609.75,1084
79500000,29609.25,29609.75,29603.75,29597.75,29598.25,1127
79560000,29598.5,29607.75,29602.125,29596.5,29607.5,687
79620000,29607.25,29607.5,29605.375,29603.25,29605.75,369
79680000,29605.5,29608.75,29605.75,29602.75,29608.0,314
79740000,29608.25,29610.5,29608.25,29606.0,29607.25,530
79800000,29607.25,29610.5,29608.375,29606.25,29607.75,318
79860000,29607.75,29610.5,29608.375,29606.25,29607.75,548
79920000,29607.0,29612.75,29608.5,29604.25,29605.75,755
79980000,29605.5,29606.0,29599.0,29592.0,29593.25,1127
80040000,29594.0,29595.25,29593.0,29590.75,29593.25,848
80100000,29592.75,29596.0,29592.25,29588.5,29590.5,840
80160000,29591.75,29591.75,29587.75,29583.75,29586.0,1060
80220000,29586.0,29589.0,29586.25,29583.5,29587.0,608
80280000,29586.5,29594.25,29590.0,29585.75,29593.75,708
80340000,29593.5,29595.0,29591.5,29588.0,29590.0,485
80400000,29590.0,29592.5,29589.625,29586.75,29591.5,491
80460000,29591.25,29594.0,29591.875,29589.75,29593.0,388
80520000,29593.25,29594.25,29592.125,29590.0,29593.75,386
80580000,29594.0,29602.25,29596.625,29591.0,29600.0,801
80640000,29600.0,29603.5,29601.375,29599.25,29601.0,655
80700000,29601.25,29604.75,29601.5,29598.25,29601.75,743
80760000,29601.75,29603.0,29600.0,29597.0,29600.75,601
80820000,29601.25,29603.0,29600.375,29597.75,29600.0,404
80880000,29599.0,29602.75,29600.375,29598.0,29602.25,227
80940000,29602.75,29603.5,29600.625,29597.75,29600.75,396
81000000,29601.25,29602.75,29599.5,29596.25,29598.25,464
81060000,29599.0,29606.0,29602.375,29598.75,29600.25,603
81120000,29600.0,29605.0,29602.5,29600.0,29603.0,360
81180000,29603.0,29605.75,29602.25,29598.75,29604.5,455
81240000,29605.0,29605.5,29603.875,29602.25,29602.5,213
81300000,29602.75,29604.5,29601.625,29598.75,29602.5,373
81360000,29602.5,29602.75,29601.0,29599.25,29599.75,274
81420000,29600.25,29603.5,29601.75,29600.0,29603.0,221
81480000,29602.75,29603.5,29600.125,29596.75,29603.0,449
81540000,29603.0,29606.75,29604.875,29603.0,29604.75,520
81600000,29605.0,29625.0,29615.0,29605.0,29611.25,2135
81660000,29611.5,29614.5,29611.5,29608.5,29611.5,760
81720000,29611.25,29624.5,29617.5,29610.5,29617.75,1941
81780000,29618.25,29622.75,29618.5,29614.25,29621.75,487
81840000,29621.5,29624.5,29622.25,29620.0,29620.75,550
81900000,29620.5,29621.0,29617.75,29614.5,29617.0,597
81960000,29617.25,29621.25,29618.75,29616.25,29617.25,437
82020000,29616.75,29622.75,29618.875,29615.0,29621.75,405
82080000,29621.75,29625.0,29622.75,29620.5,29624.5,348
82140000,29624.0,29625.5,29622.125,29618.75,29619.25,513
82200000,29619.5,29621.75,29620.375,29619.0,29621.5,249
82260000,29621.25,29621.5,29618.25,29615.0,29617.25,573
82320000,29617.5,29620.25,29618.375,29616.5,29619.0,313
82380000,29618.25,29621.0,29616.875,29612.75,29613.0,576
82440000,29613.75,29616.75,29615.25,29613.75,29615.75,312
82500000,29615.5,29615.5,29612.875,29610.25,29612.25,621
82560000,29612.5,29613.25,29610.75,29608.25,29611.25,535
82620000,29611.25,29612.0,29609.375,29606.75,29608.25,467
82680000,29608.5,29611.5,29609.125,29606.75,29610.0,455
82740000,29609.75,29613.0,29611.375,29609.75,29611.75,300
82800000,29611.25,29614.0,29611.875,29609.75,29612.25,544
82860000,29612.0,29614.25,29610.25,29606.25,29607.25,649
82920000,29607.0,29607.0,29602.625,29598.25,29600.75,1487
82980000,29601.0,29603.0,29600.625,29598.25,29600.25,547
83040000,29600.0,29600.0,29595.75,29591.5,29591.75,990
83100000,29592.25,29595.0,29593.125,29591.25,29592.0,643
83160000,29593.5,29595.25,29592.375,29589.5,29595.25,689
83220000,29594.75,29595.25,29591.625,29588.0,29589.5,524
83280000,29589.5,29591.25,29587.5,29583.75,29587.25,843
83340000,29587.75,29590.25,29587.5,29584.75,29590.25,462
83400000,29590.0,29593.25,29589.5,29585.75,29587.25,801
83460000,29587.0,29600.5,29593.625,29586.75,29598.5,1102
83520000,29598.5,29600.0,29592.75,29585.5,29586.0,921
83580000,29586.0,29591.25,29587.875,29584.5,29589.25,583
83640000,29589.25,29591.75,29588.375,29585.0,29591.25,536
83700000,29591.5,29598.0,29594.375,29590.75,29595.0,596
83760000,29594.25,29602.5,29597.875,29593.25,29596.25,1017
83820000,29596.5,29604.0,29599.625,29595.25,29600.5,512
83880000,29600.5,29602.0,29600.0,29598.0,29598.0,277
83940000,29598.5,29599.0,29596.5,29594.0,29594.0,360
84000000,29595.0,29598.75,29596.125,29593.5,29598.5,214
84060000,29598.25,29598.5,29594.125,29589.75,29593.25,643
84120000,29593.25,29597.5,29594.625,29591.75,29592.25,302
84180000,29591.5,29594.0,29591.5,29589.0,29592.75,372
84240000,29592.0,29595.25,29593.25,29591.25,29594.5,180
84300000,29594.75,29594.75,29592.25,29589.75,29590.0,257
84360000,29589.75,29594.5,29591.875,29589.25,29594.25,222
84420000,29594.0,29599.75,29595.25,29590.75,29596.25,437
84480000,29596.0,29602.25,29599.0,29595.75,29601.25,372
84540000,29602.0,29603.5,29599.75,29596.0,29596.75,535
84600000,29596.25,29604.75,29598.125,29591.5,29596.5,877
84660000,29596.75,29601.0,29598.125,29595.25,29597.0,282
84720000,29597.0,29597.75,29594.625,29591.5,29592.0,463
84780000,29592.5,29593.0,29590.25,29587.5,29592.75,704
84840000,29592.5,29595.0,29592.625,29590.25,29590.75,240
84900000,29590.75,29597.75,29593.875,29590.0,29597.0,420
84960000,29597.5,29598.0,29594.125,29590.25,29596.0,411
85020000,29595.5,29598.75,29597.0,29595.25,29597.0,199
85080000,29596.75,29598.5,29594.5,29590.5,29591.0,278
85140000,29591.75,29596.25,29593.75,29591.25,29594.5,257
85200000,29594.5,29596.75,29595.125,29593.5,29595.25,83
85260000,29596.0,29596.75,29594.0,29591.25,29594.75,136
85320000,29595.0,29596.0,29593.125,29590.25,29593.5,176
85380000,29594.0,29596.25,29591.25,29586.25,29588.5,621
85440000,29588.5,29592.5,29590.375,29588.25,29590.0,277
85500000,29590.75,29591.25,29588.125,29585.0,29585.5,399
85560000,29586.0,29587.25,29583.125,29579.0,29579.0,1337
85620000,29579.5,29592.25,29585.375,29578.5,29589.25,1027
85680000,29589.75,29590.0,29584.75,29579.5,29585.25,540
85740000,29585.0,29586.25,29580.625,29575.0,29576.0,976
85800000,29576.25,29581.25,29577.875,29574.5,29574.5,765
85860000,29574.75,29575.25,29572.875,29570.5,29572.75,982
85920000,29572.25,29575.0,29571.75,29568.5,29570.25,861
85980000,29570.5,29571.25,29569.0,29566.75,29568.5,603
86040000,29568.25,29569.75,29565.0,29560.25,29564.5,1523
86100000,29564.5,29572.0,29568.125,29564.25,29571.75,845
86160000,29571.75,29572.0,29568.5,29565.0,29568.0,474
86220000,29568.25,29570.0,29568.125,29566.25,29569.25,276
86280000,29569.5,29571.5,29567.875,29564.25,29567.25,381
